r	our_core_hp	opp_core_hp	our_ti	our_ammo	our_coll	opp_ti	opp_ammo	opp_coll	sent	gun	lau	bot	near_bot	near_sent	near_lau	opp_near_bot
0	500	500	470	0	0	470	0	0	0	0	0	1	0	0	0	0
1	500	500	406	0	0	434	0	0	0	0	1	2	0	0	0	0
2	500	500	361	0	0	392	0	0	0	0	0	3	0	0	0	0
3	500	500	339	0	0	354	0	0	0	0	1	3	0	0	1	0
4	500	500	305	0	0	300	0	0	0	0	0	3	1	0	0	0
5	500	500	297	0	0	284	16	0	0	0	0	3	1	0	0	0
6	500	500	247	0	0	216	24	0	0	0	0	4	1	0	0	0
7	500	500	189	0	0	182	24	0	0	0	0	5	1	0	0	0
8	500	500	115	0	0	125	14	0	0	0	0	6	1	0	0	0
9	500	500	115	0	0	39	24	0	0	0	0	6	0	0	0	0
10	482	500	40	16	10	23	20	0	1	0	0	6	1	0	0	0
11	482	500	42	14	10	15	31	0	1	0	0	6	1	0	0	0
12	468	500	31	24	10	1	11	0	1	0	0	6	0	0	0	0
13	472	500	30	14	10	11	11	10	1	0	0	6	1	0	0	0
14	462	500	21	24	20	4	1	10	1	0	0	6	1	0	0	1
15	470	500	29	14	20	34	1	30	1	0	0	6	0	0	0	1
16	482	500	16	24	20	18	17	30	1	0	0	6	1	0	0	1
17	494	500	13	24	20	12	23	30	1	0	0	6	1	0	0	1
18	500	500	14	24	30	12	23	30	1	0	0	6	2	0	0	1
19	500	500	24	24	30	42	23	50	1	0	0	6	0	0	0	1
20	500	500	17	24	30	19	39	50	1	0	0	6	1	0	0	1
21	500	500	17	24	30	12	46	50	1	0	0	6	1	0	0	1
22	500	500	27	24	40	12	46	50	1	0	0	6	1	0	0	1
23	500	500	37	24	40	42	46	70	1	0	0	6	2	0	0	1
24	500	500	37	24	40	21	60	70	1	0	0	6	1	0	0	1
25	500	500	37	14	40	21	60	70	1	0	0	6	2	0	0	1
26	500	500	30	24	50	21	60	70	1	0	0	6	2	0	0	1
27	500	500	39	24	50	51	50	90	1	0	0	6	2	0	0	1
28	500	500	36	24	50	41	60	90	1	0	0	6	2	0	0	1
29	500	500	33	14	50	41	50	90	1	0	0	6	2	0	0	0
30	500	500	32	24	60	31	60	90	1	0	0	6	2	0	0	1
31	500	500	33	24	60	61	50	110	1	0	0	6	2	0	0	1
32	500	500	31	24	60	44	60	110	1	0	0	6	1	0	0	1
33	500	500	29	24	60	44	50	110	1	0	0	6	2	0	0	0
34	500	500	39	14	70	34	60	110	1	0	0	6	2	0	0	1
35	500	500	39	24	70	57	50	130	1	0	0	6	2	0	0	1
36	500	500	35	24	70	47	60	130	1	0	0	6	2	0	0	0
37	500	500	33	24	70	47	60	130	1	0	0	6	2	0	0	1
38	500	500	41	14	80	47	60	130	1	0	0	6	2	0	0	1
39	500	500	39	24	80	77	60	150	1	0	0	6	2	0	0	0
40	500	500	35	14	80	29	60	150	1	0	0	6	2	0	0	1
41	500	500	23	24	80	23	60	150	1	0	0	6	2	0	0	1
42	500	500	31	24	90	23	60	150	1	0	0	6	2	0	0	0
43	500	500	39	24	90	53	60	170	1	0	0	6	2	0	0	1
44	500	500	35	24	90	8	60	170	1	0	0	6	2	0	0	1
45	500	500	33	14	90	2	60	170	1	0	0	6	2	0	0	1
46	500	500	26	24	100	2	60	170	1	0	0	6	2	0	0	0
47	500	500	29	24	100	22	60	180	1	0	0	6	2	0	0	2
48	500	500	29	24	100	16	60	180	1	0	0	6	2	0	0	2
49	500	500	29	24	100	16	60	180	1	0	0	6	2	0	0	1
50	500	500	39	24	110	16	60	180	1	0	0	6	2	0	0	2
51	500	500	47	24	110	36	60	190	1	0	0	6	2	0	0	2
52	500	500	45	24	110	36	60	190	1	0	0	6	2	0	0	1
53	500	500	43	24	110	36	60	190	1	0	0	6	2	0	0	1
54	500	500	51	24	120	36	60	190	1	0	0	6	2	0	0	2
55	500	500	59	24	120	54	60	200	1	0	0	6	2	0	0	1
56	500	500	57	24	120	10	60	200	1	0	0	6	2	0	0	2
57	500	500	57	24	120	8	60	200	1	0	0	6	2	0	0	2
58	500	500	65	24	130	6	60	200	1	0	0	6	2	0	0	1
59	500	500	73	24	130	24	60	210	1	0	0	6	2	0	0	2
60	500	500	71	24	130	10	60	210	1	0	0	6	2	0	0	2
61	500	500	69	24	130	6	60	210	1	0	0	6	2	0	0	2
62	500	500	77	24	140	2	56	210	1	0	0	6	2	0	0	2
63	500	500	85	24	140	22	56	220	1	0	0	6	2	0	0	2
64	500	500	7	24	140	14	56	220	2	0	0	6	2	0	0	2
65	500	500	7	14	140	10	56	220	2	0	0	6	2	0	0	2
66	500	500	7	14	140	7	52	220	2	0	0	6	2	0	0	2
67	500	500	17	4	140	24	52	230	2	0	0	6	2	0	0	2
68	500	500	12	9	140	13	56	230	2	0	0	6	2	0	0	2
69	500	500	12	9	140	10	56	230	2	0	0	6	2	0	0	2
70	500	500	12	9	140	7	52	230	2	0	0	6	2	0	0	2
71	500	500	22	9	140	26	52	240	2	0	0	6	2	0	0	2
72	500	500	12	9	140	17	56	240	2	0	0	5	2	0	0	2
73	500	500	12	9	140	12	60	240	2	0	0	5	2	0	0	2
74	500	500	12	9	140	11	56	240	2	0	0	5	2	0	0	2
75	500	500	22	9	140	30	56	250	2	0	0	5	2	0	0	2
76	500	500	12	9	140	25	60	250	2	0	0	5	2	0	0	2
77	500	500	12	9	140	24	60	250	2	0	0	5	2	0	0	2
78	500	500	12	9	140	23	60	250	2	0	0	5	2	0	0	2
79	500	500	22	9	140	42	60	260	2	0	0	5	2	0	0	2
80	500	500	12	9	140	41	60	260	2	0	0	5	2	0	0	2
81	500	500	12	9	140	40	60	260	2	0	0	5	2	0	0	2
82	500	500	12	9	140	39	56	260	2	0	0	5	2	0	0	2
83	500	500	22	9	140	54	60	270	2	0	0	5	2	0	0	2
84	500	500	12	9	140	53	60	270	2	0	0	5	2	0	0	2
85	500	500	12	9	140	52	60	270	2	0	0	5	2	0	0	2
86	500	500	12	9	140	51	60	270	2	0	0	5	2	0	0	2
87	500	500	22	9	140	70	60	280	2	0	0	5	2	0	0	2
88	500	500	12	9	140	69	60	280	2	0	0	5	2	0	0	2
89	500	500	12	9	140	68	60	280	2	0	0	5	2	0	0	2
90	500	500	12	9	140	67	56	280	2	0	0	5	2	0	0	2
91	500	500	22	9	140	82	60	290	2	0	0	5	2	0	0	2
92	500	500	12	9	140	12	60	290	2	0	0	5	2	0	0	2
93	500	500	12	9	140	11	50	290	2	0	0	5	2	0	0	2
94	500	500	12	9	140	10	50	290	2	0	0	5	2	0	0	2
95	500	500	22	9	140	29	40	300	2	0	0	5	2	0	0	2
96	500	500	12	9	140	12	56	300	2	0	0	5	2	0	0	2
97	500	500	12	9	140	11	46	300	2	0	0	4	1	0	0	2
98	500	500	12	9	140	10	42	300	2	0	0	4	1	0	0	2
99	500	500	22	9	140	29	42	310	2	0	0	4	1	0	0	2
100	500	500	12	9	140	12	48	310	2	0	0	4	1	0	0	1
101	500	500	12	9	140	12	48	310	2	0	0	4	1	0	0	1
102	500	500	12	9	140	6	38	310	2	0	0	3	0	0	0	1
103	500	500	22	9	140	26	38	320	2	0	0	3	0	0	0	1
104	500	500	12	9	140	12	52	320	2	0	0	3	0	0	0	1
105	500	500	12	9	140	12	52	320	2	0	0	3	0	0	0	1
106	500	500	12	9	140	12	52	320	2	0	0	3	0	0	0	1
107	500	500	22	9	140	32	52	330	2	0	0	3	0	0	0	1
108	500	500	12	9	140	24	60	330	2	0	0	3	0	0	0	1
109	500	500	12	9	140	24	60	330	2	0	0	3	0	0	0	1
110	500	500	12	9	140	24	60	330	2	0	0	3	0	0	0	1
111	500	500	22	9	140	44	60	340	2	0	0	3	0	0	0	1
112	500	500	12	9	140	44	60	340	2	0	0	3	0	0	0	0
113	500	500	12	9	140	2	60	340	2	0	0	3	0	0	0	0
114	500	500	12	9	140	2	60	340	2	0	0	3	0	0	0	0
115	500	500	22	9	140	22	60	350	2	0	0	3	0	0	0	0
116	500	500	12	9	140	16	60	350	2	0	0	3	0	0	0	0
117	500	500	12	9	140	16	60	350	2	0	0	3	0	0	0	0
118	500	500	12	9	140	10	60	350	2	0	0	3	0	0	0	0
119	500	500	22	9	140	30	60	360	2	0	0	3	0	0	0	0
120	500	500	12	9	140	24	60	360	2	0	0	3	0	0	0	0
121	500	500	12	9	140	24	60	360	2	0	0	3	0	0	0	0
122	500	500	12	9	140	24	60	360	2	0	0	3	0	0	0	0
123	500	500	22	9	140	43	60	370	2	0	0	3	0	0	0	0
124	500	500	12	9	140	42	60	370	2	0	0	3	0	0	0	0
125	500	500	12	9	140	52	60	380	2	0	0	3	0	0	0	0
126	500	500	12	9	140	52	60	380	2	0	0	3	0	0	0	0
127	500	500	22	9	140	28	60	390	2	0	0	3	0	0	0	0
128	500	500	12	9	140	18	60	390	2	0	0	3	0	0	0	0
129	500	500	12	9	140	28	56	400	2	0	0	3	0	0	0	0
130	500	500	12	9	140	24	56	400	2	0	0	3	0	0	0	0
131	500	500	22	9	140	40	56	410	2	0	0	3	0	0	0	0
132	500	500	12	19	140	46	56	420	2	0	0	3	0	0	0	0
133	500	500	12	19	140	42	56	420	2	0	0	3	0	0	0	0
134	500	500	12	19	140	38	56	420	2	0	0	3	0	0	0	0
135	500	500	22	19	140	54	56	430	2	0	0	3	0	0	0	0
136	500	500	17	24	140	2	56	430	2	0	0	3	0	0	0	0
137	500	500	17	24	140	12	52	440	2	0	0	3	0	0	0	0
138	500	500	17	24	140	12	48	440	2	0	0	3	0	0	0	0
139	500	500	27	24	140	32	48	450	2	0	0	3	0	0	0	0
140	500	500	27	24	140	30	60	460	2	0	0	3	0	0	0	0
141	500	500	27	24	140	30	60	460	2	0	0	3	0	0	0	0
142	500	500	27	24	140	30	60	460	2	0	0	3	0	0	0	0
143	500	500	37	24	140	50	60	470	2	0	0	3	0	0	0	0
144	500	500	37	24	140	50	60	470	2	0	0	3	0	0	0	0
145	500	500	37	24	140	60	60	480	2	0	0	3	0	0	0	0
146	500	500	37	24	140	60	60	480	2	0	0	3	0	0	0	0
147	500	500	47	24	140	80	60	490	2	0	0	3	0	0	0	0
148	500	500	47	24	140	12	60	500	2	0	0	3	0	0	0	0
149	500	500	47	24	140	12	60	500	2	0	0	3	0	0	0	0
150	500	500	47	24	140	12	60	500	2	0	0	3	0	0	0	0
151	500	500	57	24	140	32	60	510	2	0	0	3	0	0	0	0
152	500	500	57	24	140	32	60	510	2	0	0	3	0	0	0	0
153	500	500	57	24	140	42	60	520	2	0	0	3	0	0	0	0
154	500	500	57	24	140	42	60	520	2	0	0	3	0	0	0	0
155	500	500	67	24	140	62	60	530	2	0	0	3	0	0	0	0
156	500	500	25	24	140	16	60	540	2	0	0	3	0	0	0	0
157	500	500	25	24	140	8	60	540	2	0	0	3	0	0	0	0
158	500	500	19	24	140	8	60	540	2	0	0	3	0	0	0	0
159	500	500	29	24	140	20	60	550	2	0	0	3	0	0	0	0
160	500	500	23	24	140	12	60	550	2	0	0	3	0	0	0	0
161	500	500	23	24	140	22	60	560	2	0	0	3	0	0	0	0
162	500	500	17	24	140	14	60	560	2	0	0	3	0	0	0	0
163	500	500	27	24	140	34	60	570	2	0	0	3	0	0	0	0
164	500	500	21	24	140	44	60	580	2	0	0	3	0	0	0	0
165	500	500	21	24	140	53	60	590	2	0	0	3	0	0	0	0
166	500	500	15	24	140	52	60	590	2	0	0	3	0	0	0	0
167	500	500	25	24	140	72	60	600	2	0	0	3	0	0	0	0
168	500	500	19	24	140	72	60	600	2	0	0	3	0	0	0	0
169	500	500	29	24	150	82	60	610	2	0	0	3	0	0	0	0
170	500	500	39	24	160	92	60	620	2	0	0	3	0	0	0	0
171	500	500	49	24	160	112	60	630	2	0	0	3	0	0	0	0
172	500	500	15	24	170	122	60	640	2	0	0	3	0	0	0	0
173	500	500	15	24	170	132	60	650	2	0	0	3	0	0	0	0
174	500	500	15	24	170	132	60	650	2	0	0	3	0	0	0	0
175	500	500	25	24	170	152	60	660	2	0	0	3	0	0	0	0
176	500	500	29	24	180	66	60	660	2	0	0	3	0	0	0	0
177	500	500	29	24	180	67	60	670	2	0	0	3	0	0	0	0
178	500	500	23	24	180	77	60	680	2	0	0	3	0	0	0	0
179	500	500	33	24	180	45	60	700	2	0	0	3	0	0	0	0
180	500	500	37	24	190	56	60	720	2	0	0	3	0	0	0	0
181	500	500	37	24	190	66	60	730	2	0	0	3	0	0	0	0
182	500	500	31	24	190	57	60	730	2	0	0	3	0	0	0	0
183	500	500	41	24	190	68	60	740	2	0	0	3	0	0	0	0
184	500	500	45	24	200	78	60	750	2	0	0	3	0	0	0	0
185	500	500	45	24	200	79	60	760	2	0	0	3	0	0	0	0
186	500	500	39	24	200	89	60	770	2	0	0	3	0	0	0	0
187	500	500	49	24	200	100	60	780	2	0	0	3	0	0	0	0
188	500	500	59	24	210	120	60	800	2	0	0	3	0	0	0	0
189	500	500	59	24	210	121	60	810	2	0	0	3	0	0	0	0
190	500	500	59	24	210	121	60	810	2	0	0	3	0	0	0	0
191	500	500	69	24	210	141	60	820	2	0	0	3	0	0	0	0
192	500	500	79	24	220	55	60	830	2	0	0	3	0	0	0	0
193	482	500	33	24	220	65	50	840	2	0	0	3	0	0	0	0
194	482	500	26	24	220	49	66	840	2	0	0	3	0	0	0	0
195	464	500	36	24	220	69	56	850	2	0	0	3	0	0	0	0
196	464	500	32	24	230	73	72	870	2	0	0	3	0	0	0	0
197	446	500	25	24	230	75	70	880	2	0	0	3	0	0	0	0
198	446	500	25	24	230	75	80	890	2	0	0	3	0	0	0	0
199	428	500	35	24	230	27	70	900	2	0	0	3	0	0	0	0
200	428	500	45	24	240	47	66	920	2	0	0	3	0	0	0	0
201	410	500	45	24	240	57	52	930	2	0	0	3	0	0	0	0
202	414	500	44	24	240	56	59	940	2	0	0	3	0	0	0	0
203	400	500	53	24	240	66	55	950	2	0	0	3	0	0	0	0
204	408	500	54	24	250	70	67	970	2	0	0	3	0	0	0	1
205	398	500	52	24	250	67	66	980	2	0	0	3	0	0	0	1
206	406	500	50	24	250	63	76	990	2	0	0	3	0	0	0	0
207	396	500	58	14	250	79	66	1000	2	0	0	3	0	0	0	1
208	404	500	49	24	260	65	80	1020	2	0	0	3	0	0	0	1
209	394	500	47	14	260	75	66	1030	2	0	0	3	0	0	0	1
210	402	500	34	24	260	71	76	1040	2	0	0	3	0	0	0	1
211	392	500	41	14	260	87	66	1050	2	0	0	3	0	0	0	0
212	400	500	38	24	270	25	76	1070	2	0	0	3	0	0	0	0
213	390	500	35	14	270	35	62	1080	2	0	0	3	0	0	0	0
214	398	500	22	24	270	35	58	1090	2	0	0	3	0	0	0	0
215	388	500	30	14	270	55	48	1100	2	0	0	3	0	0	0	0
216	396	500	28	24	280	56	57	1120	2	0	0	3	0	0	0	0
217	386	500	19	24	280	56	53	1130	2	0	0	3	0	0	0	0
218	394	500	17	24	280	46	59	1140	2	0	0	3	0	0	0	0
219	384	500	25	24	280	66	45	1150	2	0	0	3	0	0	0	0
220	392	500	33	24	290	60	61	1170	2	0	0	3	0	0	0	0
221	382	500	31	24	290	56	65	1180	2	0	0	3	0	0	0	0
222	390	500	29	24	290	46	75	1190	2	0	0	3	0	0	0	0
223	380	500	37	24	290	66	65	1200	2	0	0	3	0	0	0	0
224	388	500	45	24	300	61	80	1220	2	0	0	3	0	0	0	0
225	378	500	43	24	300	71	70	1230	2	0	0	3	0	0	0	0
226	386	500	41	24	300	61	80	1240	2	0	0	3	0	0	0	0
227	376	500	49	24	300	81	70	1250	2	0	0	3	0	0	0	0
228	384	500	57	24	310	91	80	1270	2	0	0	3	0	0	0	0
229	374	500	55	24	310	101	70	1280	2	0	0	3	0	0	0	0
230	382	500	53	24	310	101	80	1290	2	0	0	3	0	0	0	0
231	372	500	61	24	310	121	70	1300	2	0	0	3	0	0	0	0
232	380	500	69	24	320	131	80	1320	2	0	0	3	0	0	0	0
233	370	500	67	24	320	141	70	1330	2	0	0	3	0	0	0	0
234	378	500	65	24	320	141	80	1340	2	0	0	3	0	0	0	0
235	368	500	73	24	320	161	70	1350	2	0	0	3	0	0	0	0
236	376	500	81	24	330	101	80	1370	2	0	0	3	0	0	0	0
237	366	500	79	24	330	111	70	1380	2	0	0	3	0	0	0	0
238	374	500	77	24	330	111	80	1390	2	0	0	3	0	0	0	0
239	364	500	85	24	330	131	70	1400	2	0	0	3	0	0	0	0
240	372	500	93	24	340	141	80	1420	2	0	0	3	0	0	0	0
241	362	500	91	24	340	79	70	1430	2	0	0	3	0	0	0	0
242	370	500	89	24	340	79	80	1440	2	0	0	3	0	0	0	0
243	360	500	97	24	340	88	70	1450	2	0	0	3	0	0	0	0
244	368	500	105	24	350	98	80	1470	2	0	0	3	0	0	0	0
245	358	500	103	24	350	108	70	1480	2	0	0	3	0	0	0	0
246	366	500	101	24	350	108	80	1490	2	0	0	3	0	0	0	0
247	356	500	109	24	350	128	70	1500	2	0	0	3	0	0	0	0
248	364	500	117	24	360	138	80	1520	2	0	0	3	0	0	0	0
249	354	500	115	24	360	148	70	1530	2	0	0	3	0	0	0	0
250	362	500	113	24	360	148	80	1540	2	0	0	3	0	0	0	0
251	352	500	121	24	360	168	70	1550	2	0	0	3	0	0	0	0
252	360	500	129	24	370	178	80	1570	2	0	0	3	0	0	0	0
253	350	500	127	24	370	78	70	1580	2	0	0	3	0	0	0	0
254	358	500	125	24	370	78	80	1590	2	0	0	3	0	0	0	0
255	348	500	133	24	370	98	70	1600	2	0	0	3	0	0	0	0
256	356	500	70	24	380	108	80	1620	2	0	0	4	0	0	0	0
257	346	500	17	24	380	118	70	1630	2	0	1	4	0	0	0	0
258	354	500	15	24	380	118	80	1640	2	0	0	4	0	0	0	0
259	344	500	23	24	380	128	70	1650	2	0	0	4	0	0	0	0
260	352	500	31	24	390	61	80	1670	2	0	0	4	0	0	0	0
261	342	500	29	24	390	50	70	1680	2	0	0	4	1	0	0	0
262	350	500	27	24	390	50	80	1690	2	0	0	4	1	0	0	0
263	340	500	35	24	390	59	70	1700	2	0	0	4	1	0	0	0
264	348	500	43	24	400	69	80	1720	2	0	0	4	1	0	0	0
265	338	500	39	24	400	79	70	1730	2	0	0	4	1	0	0	0
266	346	500	37	24	400	79	80	1740	2	0	0	4	1	0	0	0
267	336	500	45	24	400	99	70	1750	2	0	0	4	1	0	0	0
268	344	500	51	24	410	109	80	1770	2	0	0	4	1	0	0	0
269	334	500	49	24	410	109	70	1780	2	0	0	4	1	0	0	0
270	342	500	47	24	410	109	70	1790	2	0	0	4	1	0	0	0
271	332	500	55	24	410	119	66	1800	2	0	0	4	1	0	0	0
272	340	500	63	24	420	125	70	1820	2	0	0	3	0	0	0	0
273	330	500	61	24	420	46	70	1830	2	0	0	3	0	0	0	0
274	338	500	59	24	420	46	80	1840	2	0	0	3	0	0	0	0
275	328	500	67	24	420	66	70	1850	2	0	0	3	0	0	0	0
276	336	500	75	24	430	76	80	1870	2	0	0	3	0	0	0	0
277	326	500	73	24	430	86	70	1880	2	0	0	3	0	0	0	0
278	334	500	71	24	430	86	80	1890	2	0	0	3	0	0	0	0
279	324	500	79	24	430	106	70	1900	2	0	0	3	0	0	0	0
280	332	500	87	24	440	116	80	1920	2	0	0	3	0	0	0	0
281	322	500	85	24	440	43	70	1930	2	0	0	3	0	0	0	0
282	330	500	83	24	440	31	80	1940	2	0	0	3	0	0	0	0
283	320	500	91	24	440	51	70	1950	2	0	0	3	0	0	0	0
284	328	500	99	24	450	49	80	1970	2	0	0	3	0	0	0	0
285	318	500	97	24	450	47	70	1980	2	0	0	3	0	0	0	0
286	326	500	95	24	450	47	80	1990	2	0	0	3	0	0	0	0
287	316	500	103	24	450	55	70	2000	2	0	0	3	0	0	0	0
288	324	500	111	24	460	65	80	2020	2	0	0	3	0	0	0	0
289	314	500	109	24	460	63	70	2030	2	0	0	3	0	0	0	0
290	322	500	107	24	460	63	80	2040	2	0	0	3	0	0	0	0
291	312	500	115	24	460	83	70	2050	2	0	0	3	0	0	0	0
292	320	500	123	24	470	93	80	2070	2	0	0	3	0	0	0	0
293	310	500	121	24	470	103	70	2080	2	0	0	3	0	0	0	0
294	318	500	119	24	470	103	80	2090	2	0	0	3	0	0	0	0
295	308	500	127	24	470	123	70	2100	2	0	0	3	0	0	0	0
296	316	500	135	24	480	48	80	2120	2	0	0	3	0	0	0	1
297	306	500	62	24	480	44	70	2130	2	0	0	4	0	0	0	1
298	314	500	9	24	480	42	80	2140	2	0	1	4	0	0	0	1
299	304	500	17	24	480	48	70	2150	2	0	0	4	0	0	0	1
300	312	500	25	24	490	56	76	2170	2	0	0	4	0	0	0	1
301	302	500	23	24	490	50	70	2180	2	0	0	4	0	0	0	1
302	310	500	21	24	490	38	80	2190	2	0	0	4	1	0	0	1
303	300	500	29	24	490	46	70	2200	2	0	0	4	1	0	0	1
304	308	500	37	24	500	54	70	2220	2	0	0	4	1	0	0	1
305	298	500	35	24	500	52	70	2230	2	0	0	4	1	0	0	1
306	306	500	33	24	500	50	80	2240	2	0	0	4	0	0	0	1
307	296	500	41	24	500	58	70	2250	2	0	0	4	1	0	0	1
308	304	500	42	24	510	55	80	2270	2	0	0	4	1	0	0	1
309	294	500	40	24	510	65	60	2280	2	0	0	4	0	0	0	1
310	302	500	38	24	510	59	76	2290	2	0	0	4	0	0	0	1
311	292	500	46	24	510	75	60	2300	2	0	0	4	0	0	0	1
312	300	500	54	24	520	79	76	2320	2	0	0	4	0	0	0	1
313	290	500	52	24	520	85	70	2330	2	0	0	4	0	0	0	1
314	298	500	50	24	520	85	80	2340	2	0	0	4	0	0	0	1
315	288	500	58	24	520	105	70	2350	2	0	0	4	0	0	0	1
316	296	500	66	24	530	115	80	2370	2	0	0	4	0	0	0	1
317	286	500	64	24	530	125	70	2380	2	0	0	4	0	0	0	1
318	294	500	62	24	530	125	80	2390	2	0	0	4	1	0	0	1
319	284	500	63	24	530	145	70	2400	2	0	0	4	1	0	0	1
320	292	500	71	24	540	25	70	2420	2	0	0	4	0	0	0	1
321	282	500	69	24	540	25	60	2430	2	0	0	3	0	0	0	1
322	290	500	67	24	540	22	63	2440	2	0	0	3	0	0	0	1
323	280	500	75	24	540	32	63	2450	2	0	0	3	0	0	0	1
324	288	500	83	24	550	36	79	2470	2	0	0	3	0	0	0	1
325	278	500	81	24	550	46	69	2480	2	0	0	3	0	0	0	1
326	286	500	79	24	550	32	80	2490	2	0	0	3	0	0	0	1
327	276	500	87	24	550	52	70	2500	2	0	0	3	0	0	0	1
328	284	500	95	24	560	49	80	2520	2	0	0	3	0	0	0	1
329	274	500	93	24	560	59	70	2530	2	0	0	3	0	0	0	1
330	282	500	91	24	560	46	80	2540	2	0	0	3	0	0	0	1
331	272	500	99	24	560	66	70	2550	2	0	0	3	0	0	0	1
332	280	500	107	24	570	63	80	2570	2	0	0	3	0	0	0	1
333	270	500	105	24	570	73	70	2580	2	0	0	3	0	0	0	1
334	278	500	103	24	570	60	80	2590	2	0	0	3	0	0	0	1
335	268	500	111	24	570	80	70	2600	2	0	0	3	0	0	0	1
336	276	500	119	24	580	90	80	2620	2	0	0	3	0	0	0	1
337	266	500	117	24	580	100	70	2630	2	0	0	3	0	0	0	1
338	274	500	115	24	580	100	80	2640	2	0	0	3	0	0	0	1
339	264	500	123	24	580	120	70	2650	2	0	0	3	0	0	0	1
340	272	500	131	24	590	130	80	2670	2	0	0	3	0	0	0	1
341	262	500	59	24	590	140	70	2680	2	0	0	4	0	0	0	1
342	270	500	57	24	590	140	80	2690	2	0	0	4	0	0	0	1
343	260	500	65	24	590	22	70	2700	2	0	0	4	0	0	0	1
344	268	500	73	24	600	32	80	2720	2	0	0	4	0	0	0	1
345	258	500	71	24	600	42	70	2730	2	0	0	4	0	0	0	1
346	266	500	69	24	600	42	80	2740	2	0	0	4	0	0	0	1
347	256	500	26	24	600	62	70	2750	2	0	1	4	0	0	0	1
348	264	500	34	24	610	72	80	2770	2	0	0	4	0	0	0	1
349	254	500	32	24	610	82	70	2780	2	0	0	4	0	0	0	1
350	262	500	30	24	610	82	80	2790	2	0	0	4	0	0	0	1
351	252	500	38	24	610	92	70	2800	2	0	0	4	0	0	0	1
352	260	500	46	24	620	102	80	2820	2	0	0	4	0	0	0	1
353	250	500	44	24	620	102	70	2830	2	0	0	4	0	0	0	1
354	258	500	42	24	620	102	80	2840	2	0	0	4	0	0	0	1
355	248	500	50	24	620	26	70	2850	2	0	0	4	1	0	0	1
356	256	500	58	24	630	36	76	2870	2	0	0	4	0	0	0	1
357	246	500	56	24	630	42	70	2880	2	0	0	4	0	0	0	1
358	254	500	54	24	630	42	80	2890	2	0	0	4	0	0	0	1
359	244	500	62	24	630	52	70	2900	2	0	0	4	0	0	0	1
360	252	500	70	24	640	62	80	2920	2	0	0	4	0	0	0	1
361	242	500	68	24	640	72	70	2930	2	0	0	4	0	0	0	1
362	250	500	66	24	640	72	80	2940	2	0	0	4	0	0	0	1
363	240	500	74	24	640	92	70	2950	2	0	0	4	0	0	0	1
364	248	500	82	24	650	92	80	2970	2	0	0	4	0	0	0	1
365	238	500	80	24	650	102	70	2980	2	0	0	4	0	0	0	1
366	246	500	78	24	650	102	76	2990	2	0	0	4	0	0	0	1
367	236	500	86	24	650	118	70	3000	2	0	0	4	0	0	0	1
368	244	500	94	24	660	128	76	3020	2	0	0	4	0	0	0	1
369	234	500	92	24	660	134	70	3030	2	0	0	4	0	0	0	1
370	242	500	90	24	660	134	76	3040	2	0	0	4	0	0	0	1
371	232	500	98	24	660	50	70	3050	2	0	0	4	0	0	0	1
372	240	500	106	24	670	45	76	3070	2	0	0	4	0	0	0	1
373	230	500	104	24	670	41	70	3080	2	0	0	4	0	0	0	1
374	238	500	102	24	670	26	80	3090	2	0	0	4	0	0	0	1
375	228	500	110	24	670	46	70	3100	2	0	0	4	0	0	0	1
376	236	500	118	24	680	56	80	3120	2	0	0	4	0	0	0	1
377	226	500	116	24	680	51	70	3130	2	0	0	4	0	0	0	1
378	234	500	114	24	680	51	80	3140	2	0	0	4	0	0	0	1
379	224	500	122	24	680	56	70	3150	2	0	0	4	0	0	0	1
380	232	500	130	24	690	66	80	3170	2	0	0	4	0	0	0	1
381	222	500	128	24	690	76	60	3180	2	0	0	3	0	0	0	1
382	230	500	126	24	690	70	76	3190	2	0	0	3	0	0	0	1
383	220	500	134	24	690	86	70	3200	2	0	0	3	0	0	0	1
384	228	500	142	24	700	96	80	3220	2	0	0	3	0	0	0	1
385	218	500	140	24	700	106	70	3230	2	0	0	3	0	0	0	1
386	226	500	138	24	700	106	80	3240	2	0	0	3	0	0	0	1
387	216	500	146	24	700	126	70	3250	2	0	0	3	0	0	0	1
388	224	500	154	24	710	136	80	3270	2	0	0	3	0	0	0	1
389	214	500	152	24	710	146	70	3280	2	0	0	3	0	0	0	1
390	222	500	150	24	710	146	80	3290	2	0	0	3	0	0	0	1
391	212	500	158	24	710	166	70	3300	2	0	0	3	0	0	0	1
392	220	500	166	24	720	176	80	3320	2	0	0	3	0	0	0	1
393	210	500	164	24	720	186	70	3330	2	0	0	3	0	0	0	1
394	218	500	92	24	720	186	80	3340	2	0	0	4	0	0	0	1
395	208	500	49	24	720	206	70	3350	2	0	1	4	0	0	0	1
396	216	500	57	24	730	216	80	3370	2	0	0	4	0	0	0	1
397	206	500	55	24	730	74	66	3380	2	0	0	4	0	0	0	1
398	214	500	53	24	730	60	80	3390	2	0	0	4	0	0	0	1
399	204	500	61	24	730	70	70	3400	2	0	0	4	1	0	0	1
400	212	500	67	24	740	80	76	3420	2	0	0	4	1	0	0	1
401	202	500	63	24	740	86	66	3430	2	0	0	4	1	0	0	1
402	210	500	59	24	740	82	76	3440	2	0	0	4	1	0	0	1
403	200	500	65	24	740	98	66	3450	2	0	0	4	1	0	0	1
404	208	500	73	24	750	104	76	3470	2	0	0	3	0	0	0	1
405	198	500	71	24	750	110	70	3480	2	0	0	3	0	0	0	1
406	206	500	69	24	750	110	80	3490	2	0	0	3	0	0	0	1
407	196	500	77	24	750	130	70	3500	2	0	0	3	0	0	0	1
408	204	500	85	24	760	39	80	3520	2	0	0	3	0	0	0	1
409	194	500	83	24	760	34	70	3530	2	0	0	3	0	0	0	1
410	202	500	81	24	760	34	80	3540	2	0	0	3	0	0	0	1
411	192	500	89	24	760	39	70	3550	2	0	0	3	0	0	0	1
412	200	500	97	14	770	49	80	3570	2	0	0	3	0	0	0	1
413	190	500	85	24	770	59	70	3580	2	0	0	3	0	0	0	1
414	198	500	83	14	770	44	80	3590	2	0	0	3	0	0	0	2
415	188	500	81	24	770	63	70	3600	2	0	0	3	0	0	0	2
416	196	500	89	14	780	72	80	3620	2	0	0	3	0	0	0	1
417	186	500	77	14	780	82	70	3630	2	0	0	3	0	0	0	1
418	194	500	65	24	780	67	80	3640	2	0	0	3	0	0	0	1
419	184	500	73	24	780	87	70	3650	2	0	0	3	0	0	0	1
420	192	500	81	24	790	97	80	3670	2	0	0	3	0	0	0	1
421	182	500	79	24	790	107	70	3680	2	0	0	3	0	0	0	1
422	190	500	77	24	790	107	80	3690	2	0	0	3	0	0	0	2
423	180	500	85	24	790	112	70	3700	2	0	0	3	0	0	0	1
424	188	500	93	24	800	122	80	3720	2	0	0	3	0	0	0	2
425	178	500	91	14	800	130	70	3730	2	0	0	3	0	0	0	2
426	186	500	79	24	800	128	80	3740	2	0	0	3	0	0	0	2
427	176	500	87	14	800	148	70	3750	2	0	0	3	0	0	0	1
428	184	500	85	24	810	59	80	3770	2	0	0	3	0	0	0	1
429	174	500	83	24	810	69	70	3780	2	0	0	3	0	0	0	1
430	182	500	81	24	810	69	80	3790	2	0	0	3	0	0	0	1
431	172	500	89	24	810	89	70	3800	2	0	0	3	0	0	0	1
432	180	500	97	24	820	99	80	3820	2	0	0	3	0	0	0	1
433	170	500	95	24	820	109	70	3830	2	0	0	3	0	0	0	1
434	178	500	93	24	820	109	80	3840	2	0	0	3	0	0	0	1
435	168	500	101	24	820	129	70	3850	2	0	0	3	0	0	0	1
436	176	500	109	24	830	139	80	3870	2	0	0	3	0	0	0	1
437	166	500	107	24	830	149	70	3880	2	0	0	3	0	0	0	1
438	174	500	105	24	830	149	80	3890	2	0	0	3	0	0	0	1
439	164	500	113	24	830	169	70	3900	2	0	0	3	0	0	0	1
440	172	500	121	24	840	24	80	3920	2	0	0	3	0	0	0	1
441	162	500	119	24	840	34	70	3930	2	0	0	3	0	0	0	1
442	170	500	117	24	840	34	80	3940	2	0	0	3	0	0	0	1
443	160	500	125	24	840	54	70	3950	2	0	0	3	0	0	0	1
444	168	500	133	24	850	64	80	3970	2	0	0	3	0	0	0	1
445	158	500	61	24	850	74	70	3980	2	0	0	4	0	0	0	1
446	166	500	59	24	850	74	80	3990	2	0	0	4	0	0	0	1
447	156	500	67	24	850	94	70	4000	2	0	0	4	0	0	0	1
448	164	500	75	24	860	104	80	4020	2	0	0	4	0	0	0	1
449	154	500	73	24	860	114	70	4030	2	0	0	4	0	0	0	1
450	162	500	71	24	860	114	80	4040	2	0	0	4	0	0	0	1
451	152	500	28	24	860	134	70	4050	2	0	1	4	0	0	0	1
452	160	500	36	24	870	144	80	4070	2	0	0	4	0	0	0	1
453	150	500	34	24	870	154	70	4080	2	0	0	4	0	0	0	1
454	158	500	32	24	870	154	80	4090	2	0	0	4	0	0	0	1
455	148	500	40	24	870	164	70	4100	2	0	0	4	0	0	0	1
456	156	500	48	24	880	174	80	4120	2	0	0	4	0	0	0	1
457	146	500	46	24	880	174	70	4130	2	0	0	4	0	0	0	1
458	154	500	44	24	880	174	80	4140	2	0	0	4	0	0	0	1
459	144	500	52	24	880	194	70	4150	2	0	0	4	0	0	0	1
460	152	500	60	24	890	43	80	4170	2	0	0	4	0	0	0	1
461	142	500	58	24	890	53	70	4180	2	0	0	4	0	0	0	1
462	150	500	56	24	890	53	80	4190	2	0	0	4	0	0	0	1
463	140	500	64	24	890	63	66	4200	2	0	0	4	0	0	0	1
464	148	500	72	24	900	69	70	4220	2	0	0	4	1	0	0	1
465	138	500	70	24	900	69	60	4230	2	0	0	3	0	0	0	1
466	146	500	68	24	900	63	76	4240	2	0	0	3	0	0	0	1
467	136	500	76	24	900	79	70	4250	2	0	0	3	0	0	0	1
468	144	500	84	24	910	89	80	4270	2	0	0	3	0	0	0	1
469	134	500	82	24	910	99	70	4280	2	0	0	3	0	0	0	1
470	142	500	80	24	910	99	80	4290	2	0	0	3	0	0	0	1
471	132	500	88	24	910	119	70	4300	2	0	0	3	0	0	0	1
472	140	500	96	24	920	129	80	4320	2	0	0	3	0	0	0	1
473	130	500	94	24	920	139	70	4330	2	0	0	3	0	0	0	1
474	138	500	92	24	920	139	80	4340	2	0	0	3	0	0	0	1
475	128	500	100	24	920	159	70	4350	2	0	0	3	0	0	0	1
476	136	500	108	24	930	169	80	4370	2	0	0	3	0	0	0	1
477	126	500	106	24	930	179	70	4380	2	0	0	3	0	0	0	1
478	134	500	104	24	930	12	80	4390	2	0	0	3	0	0	0	1
479	124	500	112	24	930	32	70	4400	2	0	0	3	0	0	0	1
480	132	500	120	24	940	42	80	4420	2	0	0	3	0	0	0	1
481	122	500	118	24	940	52	70	4430	2	0	0	3	0	0	0	1
482	130	500	116	24	940	52	80	4440	2	0	0	3	0	0	0	1
483	120	500	124	24	940	72	70	4450	2	0	0	3	0	0	0	1
484	128	500	132	24	950	82	80	4470	2	0	0	3	0	0	0	1
485	118	500	60	24	950	92	70	4480	2	0	0	4	0	0	0	1
486	126	500	58	24	950	92	80	4490	2	0	0	4	0	0	0	1
487	116	500	66	24	950	112	70	4500	2	0	0	4	0	0	0	1
488	124	500	23	24	960	122	80	4520	2	0	1	4	0	0	0	1
489	114	500	21	24	960	132	70	4530	2	0	0	4	0	0	0	1
490	122	500	19	24	960	132	80	4540	2	0	0	4	0	0	0	1
491	112	500	27	24	960	37	70	4550	2	0	0	4	0	0	0	1
492	120	500	35	24	970	30	80	4570	2	0	0	4	0	0	0	1
493	110	500	33	24	970	30	70	4580	2	0	0	4	0	0	0	1
494	118	500	31	24	970	30	80	4590	2	0	0	4	0	0	0	1
495	108	500	39	24	970	40	60	4600	2	0	0	4	0	0	0	1
496	116	500	47	24	980	44	76	4620	2	0	0	4	0	0	0	1
497	106	500	45	24	980	33	56	4630	2	0	0	3	0	0	0	1
498	114	500	43	24	980	27	72	4640	2	0	0	3	0	0	0	1
499	104	500	51	24	980	39	70	4650	2	0	0	3	0	0	0	1
500	112	500	59	24	990	49	80	4670	2	0	0	3	0	0	0	1
501	102	500	57	24	990	59	70	4680	2	0	0	3	0	0	0	1
502	110	500	55	24	990	42	80	4690	2	0	0	3	0	0	0	1
503	100	500	63	24	990	62	70	4700	2	0	0	3	0	0	0	1
504	108	500	71	24	1000	55	80	4720	2	0	0	3	0	0	0	1
505	98	500	69	24	1000	65	70	4730	2	0	0	3	0	0	0	1
506	106	500	67	24	1000	48	80	4740	2	0	0	3	0	0	0	1
507	96	500	75	24	1000	68	70	4750	2	0	0	3	0	0	0	1
508	104	500	83	24	1010	61	80	4770	2	0	0	3	0	0	0	1
509	94	500	81	24	1010	71	70	4780	2	0	0	3	0	0	0	1
510	102	500	79	24	1010	54	80	4790	2	0	0	3	0	0	0	1
511	92	500	87	24	1010	74	70	4800	2	0	0	3	0	0	0	1
512	100	500	95	24	1020	67	80	4820	2	0	0	3	0	0	0	1
513	90	500	93	24	1020	77	70	4830	2	0	0	3	0	0	0	1
514	98	500	91	24	1020	60	80	4840	2	0	0	3	0	0	0	1
515	88	500	99	24	1020	80	70	4850	2	0	0	3	0	0	0	1
516	96	500	107	24	1030	73	80	4870	2	0	0	3	0	0	0	1
517	86	500	105	24	1030	83	70	4880	2	0	0	3	0	0	0	1
518	94	500	103	24	1030	83	80	4890	2	0	0	3	0	0	0	1
519	84	500	111	24	1030	103	70	4900	2	0	0	3	0	0	0	1
520	92	500	119	24	1040	113	80	4920	2	0	0	3	0	0	0	1
521	82	500	117	24	1040	123	70	4930	2	0	0	3	0	0	0	1
522	90	500	115	24	1040	123	80	4940	2	0	0	3	0	0	0	1
523	80	500	123	24	1040	143	70	4950	2	0	0	3	0	0	0	1
524	88	500	131	24	1050	153	80	4970	2	0	0	3	0	0	0	1
525	78	500	59	24	1050	163	70	4980	2	0	0	4	0	0	0	1
526	86	500	6	24	1050	163	80	4990	2	0	1	4	0	0	0	1
527	76	500	14	24	1050	183	70	5000	2	0	0	4	0	0	0	1
528	84	500	22	24	1060	193	76	5020	2	0	0	4	0	0	0	1
529	74	500	20	24	1060	189	70	5030	2	0	0	4	0	0	0	1
530	82	500	18	24	1060	189	66	5040	2	0	0	4	0	0	0	1
531	72	500	26	24	1060	195	66	5050	2	0	0	4	0	0	0	1
532	80	500	34	24	1070	191	80	5070	2	0	0	4	0	0	0	1
533	70	500	32	24	1070	201	70	5080	2	0	0	4	1	0	0	1
534	78	500	30	24	1070	201	70	5090	2	0	0	3	0	0	0	1
535	68	500	38	24	1070	93	70	5100	2	0	0	3	0	0	0	1
536	76	500	46	24	1080	86	80	5120	2	0	0	3	0	0	0	1
537	66	500	44	24	1080	96	70	5130	2	0	0	3	0	0	0	1
538	74	500	42	24	1080	79	80	5140	2	0	0	3	0	0	0	1
539	64	500	50	24	1080	81	70	5150	2	0	0	3	0	0	0	1
540	72	500	58	24	1090	91	80	5170	2	0	0	3	0	0	0	1
541	62	500	56	24	1090	83	70	5180	2	0	0	3	0	0	0	1
542	70	500	54	24	1090	93	80	5200	2	0	0	3	0	0	0	1
543	60	500	62	24	1090	113	70	5210	2	0	0	3	0	0	0	1
544	68	500	70	24	1100	123	80	5230	2	0	0	3	0	0	0	1
545	58	500	68	24	1100	133	70	5240	2	0	0	3	0	0	0	1
546	66	500	66	24	1100	143	80	5260	2	0	0	3	0	0	0	1
547	56	500	74	24	1100	163	70	5270	2	0	0	3	0	0	0	1
548	64	500	82	24	1110	173	80	5290	2	0	0	3	0	0	0	1
549	54	500	80	24	1110	183	70	5300	2	0	0	3	0	0	0	1
550	62	500	78	24	1110	193	80	5320	2	0	0	3	0	0	0	1
551	52	500	86	24	1110	213	70	5330	2	0	0	3	0	0	0	1
552	60	500	94	24	1120	223	80	5350	2	0	0	3	0	0	0	1
553	50	500	92	24	1120	113	70	5360	2	0	0	3	0	0	0	1
554	58	500	90	24	1120	123	80	5380	2	0	0	3	0	0	0	1
555	48	500	98	24	1120	143	70	5390	2	0	0	3	0	0	0	1
556	56	500	106	24	1130	153	80	5410	2	0	0	3	0	0	0	1
557	46	500	104	24	1130	163	70	5420	2	0	0	3	0	0	0	1
558	54	500	102	24	1130	173	80	5440	2	0	0	3	0	0	0	1
559	44	500	110	24	1130	193	70	5450	2	0	0	3	0	0	0	1
560	52	500	118	24	1140	203	80	5470	2	0	0	3	0	0	0	1
561	42	500	116	24	1140	213	70	5480	2	0	0	3	0	0	0	1
562	50	500	114	24	1140	223	80	5500	2	0	0	3	0	0	0	1
563	40	500	122	24	1140	243	70	5510	2	0	0	3	0	0	0	1
564	48	500	130	24	1150	253	80	5530	2	0	0	3	0	0	0	1
565	38	500	128	24	1150	80	70	5540	2	0	0	3	0	0	0	1
566	46	500	126	24	1150	90	80	5560	2	0	0	3	0	0	0	1
567	36	500	134	24	1150	110	70	5570	2	0	0	3	0	0	0	1
568	44	500	142	24	1160	120	80	5590	2	0	0	3	0	0	0	1
569	34	500	140	24	1160	130	70	5600	2	0	0	3	0	0	0	1
570	42	500	138	24	1160	140	80	5620	2	0	0	3	0	0	0	1
571	32	500	146	24	1160	160	70	5630	2	0	0	3	0	0	0	1
572	40	500	154	24	1170	170	80	5650	2	0	0	3	0	0	0	1
573	30	500	152	24	1170	180	70	5660	2	0	0	3	0	0	0	1
574	38	500	150	24	1170	190	80	5680	2	0	0	3	0	0	0	1
575	28	500	158	24	1170	210	70	5690	2	0	0	3	0	0	0	1
576	36	500	166	24	1180	220	80	5710	2	0	0	3	0	0	0	1
577	26	500	164	24	1180	230	70	5720	2	0	0	3	0	0	0	1
578	34	500	162	24	1180	240	80	5740	2	0	0	3	0	0	0	1
579	24	500	170	24	1180	71	70	5750	2	0	0	3	0	0	0	1
580	32	500	178	14	1190	81	80	5770	2	0	0	3	0	0	0	1
581	22	500	166	24	1190	91	70	5780	2	0	0	3	0	0	0	1
582	30	500	164	24	1190	101	80	5800	2	0	0	3	0	0	0	2
583	20	500	172	24	1190	121	70	5810	2	0	0	3	0	0	0	2
584	28	500	180	24	1200	131	80	5830	2	0	0	3	0	0	0	2
585	18	500	178	24	1200	141	70	5840	2	0	0	3	0	0	0	1
586	26	500	176	24	1200	151	80	5860	2	0	0	3	0	0	0	2
587	16	500	184	24	1200	171	70	5870	2	0	0	3	0	0	0	2
588	24	500	192	24	1210	181	80	5890	2	0	0	3	0	0	0	2
589	14	500	190	24	1210	191	70	5900	2	0	0	3	0	0	0	2
590	22	500	188	24	1210	201	80	5920	2	0	0	3	0	0	0	2
591	12	500	196	24	1210	221	70	5930	2	0	0	3	0	0	0	2
592	20	500	204	24	1220	101	80	5950	2	0	0	3	0	0	0	2
593	10	500	202	24	1220	111	70	5960	2	0	0	3	0	0	0	2
594	18	500	200	24	1220	121	80	5980	2	0	0	3	0	0	0	2
595	8	500	208	24	1220	141	70	5990	2	0	0	3	0	0	0	2
596	16	500	216	24	1230	151	80	6010	2	0	0	3	0	0	0	2
597	6	500	214	24	1230	161	70	6020	2	0	0	3	0	0	0	2
598	14	500	212	24	1230	171	80	6040	2	0	0	3	0	0	0	2
599	4	500	220	24	1230	191	70	6050	2	0	0	3	0	0	0	2
600	12	500	228	24	1240	201	80	6070	2	0	0	3	0	0	0	2
601	2	500	226	24	1240	211	70	6080	2	0	0	3	0	0	0	2
602	10	500	224	24	1240	221	80	6100	2	0	0	3	0	0	0	2
603	0	500	232	24	1240	241	70	6110	2	0	0	3	0	0	0	2
