file	map_w	map_h	rounds	winner	win_condition	a_titanium	b_titanium	a_ti_collected	b_ti_collected	a_chain	b_chain	a_chain_dir	b_chain_dir	a_shipped	b_shipped	a_core_deliv	b_core_deliv	a_sentinel_r	a_sentinel_at	b_sentinel_r	b_sentinel_at	a_gunner_r	a_gunner_at	b_gunner_r	b_gunner_at	a_launcher_r	a_launcher_at	b_launcher_r	b_launcher_at	a_barrier_r	a_barrier_at	b_barrier_r	b_barrier_at	a_harvester_r	a_harvester_at	b_harvester_r	b_harvester_at	a_conveyor_r	a_conveyor_at	b_conveyor_r	b_conveyor_at	a_splitter_r	a_splitter_at	b_splitter_r	b_splitter_at	a_n_builder_bot	b_n_builder_bot	a_n_core	b_n_core	a_n_harvester	b_n_harvester	a_n_conveyor	b_n_conveyor	a_n_splitter	b_n_splitter	a_n_barrier	b_n_barrier	a_n_sentinel	b_n_sentinel	a_n_gunner	b_n_gunner	a_n_launcher	b_n_launcher
bab61537-2315-4121-9286-d9447197afc2_game_1.replay26	28	20	364	A	core_destroyed	953	2022	6340	3520	10/15	1/7	10/15	1/7	13/15	7/7	634	352			7	13,9	12	12,9	32	10,7									4	11,12	6	16,8	2	6,7	8	17,8					7	2	1	0	15	7	37	13	0	0	0	0	0	0	13	0	0	0
bab61537-2315-4121-9286-d9447197afc2_game_2.replay26	25	15	206	A	core_destroyed	15	44	1200	290	2/2	1/4	2/2	1/4	2/2	4/4	120	29			3	12,9	4	13,6											6	16,6	7	16,11	4	16,5	9	16,12					5	1	1	0	2	4	25	48	0	0	0	0	0	0	6	0	0	0
bab61537-2315-4121-9286-d9447197afc2_game_3.replay26	25	25	690	A	core_destroyed	2593	1841	11430	3480	12/14	0/9	12/14	0/9	13/14	9/9	1143	348			17	10,10	22	10,7	149	13,16			12	18,16					5	9,9	10	14,18	3	9,8	12	15,19					5	0	1	0	14	9	94	17	0	0	0	0	0	0	24	0	0	0
bab61537-2315-4121-9286-d9447197afc2_game_4.replay26	18	18	313	A	core_destroyed	70	56	3570	1790	5/5	2/3	5/5	2/3	5/5	3/3	357	179			16	3,9	27	3,12	44	13,6			12	17,1					2	1,17	4	16,0	4	1,16	6	15,0					7	2	1	0	5	3	21	18	0	0	0	0	0	0	14	0	0	0
bab61537-2315-4121-9286-d9447197afc2_game_5.replay26	25	25	301	A	core_destroyed	635	31	3190	410	6/6	0/4	6/6	0/4	6/6	4/4	319	41			32	7,16	43	6,16					26	20,2			7	20,4	4	1,17	5	23,7	2	1,18	7	23,6					6	3	1	0	6	4	36	9	0	0	0	1	0	0	11	0	0	0
071cd20c-4eb3-4233-ab7e-a91c7361d97b_game_1.replay26	16	16	377	A	core_destroyed	928	1340	5520	1720	7/7	0/4	7/7	0/4	7/7	4/4	552	172			7	8,8	11	6,6	52	6,6			10	11,10					4	1,6	6	14,9	2	2,6	8	13,9					7	0	1	0	7	4	34	10	0	0	0	0	0	0	14	0	0	0
071cd20c-4eb3-4233-ab7e-a91c7361d97b_game_2.replay26	25	15	817	A	core_destroyed	4254	1466	11270	1540	3/6	0/5	3/6	0/5	5/6	5/5	1127	154			6	10,10	8	8,6											6	16,6	6	7,8	4	16,5	8	8,8					7	0	1	0	6	5	44	20	0	0	0	0	0	0	16	0	0	0
071cd20c-4eb3-4233-ab7e-a91c7361d97b_game_3.replay26	26	26	1000	A	titanium_collected	24313	5131	31540	8600	19/22	2/10	19/22	2/10	20/22	9/10	3154	860			25	9,9	28	7,7	44	8,8			18	18,19					5	4,2	7	23,19	3	4,3	9	23,20					8	8	1	1	22	10	102	26	0	0	0	0	0	0	14	0	0	1
071cd20c-4eb3-4233-ab7e-a91c7361d97b_game_4.replay26	18	18	371	A	core_destroyed	697	401	4330	1220	5/5	0/2	5/5	0/2	5/5	2/2	433	122			20	3,9	31	3,12	71	14,6			19	13,0					2	1,17	5	16,0	4	1,16	7	15,0					3	1	1	0	5	2	19	8	0	0	0	0	0	0	15	0	0	0
071cd20c-4eb3-4233-ab7e-a91c7361d97b_game_5.replay26	10	10	151	A	core_destroyed	70	15	770	20	1/1	0/2	1/1	0/2	1/1	2/2	77	2			2	8,8	2	4,6											4	6,2	6	3,7	2	5,2	8	4,7					3	0	1	0	1	2	13	2	0	0	0	0	0	1	4	0	0	0
fb23a610-2f87-4e1e-a15c-65d0e793b26d_game_1.replay26	14	18	355	B	core_destroyed	962	1036	930	4180	1/3	4/6	1/3	4/6	3/3	5/6	93	418	7	6,7			41	6,9	7	7,8									5	7,2	2	7,15	7	7,6	4	7,14					0	6	0	1	3	6	18	20	0	0	0	0	0	0	0	13	0	0
fb23a610-2f87-4e1e-a15c-65d0e793b26d_game_2.replay26	16	16	1000	B	titanium_collected	5351	9375	4950	11980	2/7	5/5	2/7	5/5	7/7	5/5	495	1198	19	10,10					25	10,12	27	3,1			320	1,5			4	1,4	3	14,11	6	1,3	2	14,12					1	8	1	1	7	5	24	33	0	0	1	0	0	0	0	12	1	0
fb23a610-2f87-4e1e-a15c-65d0e793b26d_game_3.replay26	25	15	258	A	core_destroyed	69	10	1030	70	3/4	0/0	2/4	0/0	3/4	0/0	103	7	5	13,4			38	14,6	3	11,8	34	11,6			15	12,6			6	16,6			8	16,5	13	16,12					1	2	1	0	4	0	47	12	0	0	0	0	1	0	1	0	0	0
fb23a610-2f87-4e1e-a15c-65d0e793b26d_game_4.replay26	24	24	1000	B	titanium_collected	2973	12827	3560	15340	3/11	7/15	1/11	7/15	11/11	13/15	356	1534	32	14,14					41	16,16	21	3,6							8	0,2	10	23,21	10	1,2	8	13,20					4	5	1	1	11	15	48	54	0	0	0	0	1	0	0	8	1	0
fb23a610-2f87-4e1e-a15c-65d0e793b26d_game_5.replay26	28	20	216	B	core_destroyed	910	607	1300	3630	2/5	11/12	2/5	11/12	5/5	11/12	130	363	9	14,10					13	15,9	11	9,8			33	11,9			6	6,6	3	16,8	8	7,6	3	19,12					0	6	0	1	5	12	13	68	0	0	0	0	0	0	0	8	0	0
313d303f-ffa1-4581-a24f-5bbd3b8ca234_game_1.replay26	26	26	1000	B	titanium_collected	8137	10009	9660	16430	3/10	7/23	3/10	7/23	10/10	16/23	966	1643							57	21,16	17	6,4			53	18,11			5	2,8	6	23,19	7	3,8	4	23,20					8	7	1	1	10	23	38	47	0	0	1	0	0	0	0	12	1	0
313d303f-ffa1-4581-a24f-5bbd3b8ca234_game_2.replay26	14	18	1000	A	titanium_collected	11193	13	13100	2470	4/6	1/2	4/6	1/2	6/6	2/2	1310	247	3	6,7			68	6,9	8	7,9					24	7,7			5	5,1	2	7,15	7	5,2	4	7,14					0	4	1	1	6	2	73	5	0	0	0	0	0	0	0	3	0	0
313d303f-ffa1-4581-a24f-5bbd3b8ca234_game_3.replay26	25	15	1000	A	titanium_collected	4924	705	10140	3220	5/8	1/1	5/8	1/1	8/8	1/1	1014	322	4	11,5			63	10,7	2	11,8	44	12,6			31	11,6			6	16,6	331	16,11	8	16,5	160	15,8					2	2	1	1	8	1	125	13	0	0	0	0	1	0	1	5	0	0
313d303f-ffa1-4581-a24f-5bbd3b8ca234_game_4.replay26	21	8	630	B	core_destroyed	1197	796	710	4750	0/2	3/5	0/2	3/5	2/2	5/5	71	475	3	9,4					5	12,4					10	9,3			8	1,4	5	11,5	10	2,4	5	10,2					0	7	0	1	2	5	10	16	0	0	0	0	0	0	0	13	0	0
313d303f-ffa1-4581-a24f-5bbd3b8ca234_game_5.replay26	18	18	198	B	core_destroyed	55	50	760	1400	1/4	2/3	0/4	2/3	4/4	3/3	76	140	16	9,3					19	12,3	18	4,14							4	1,17	2	12,1	8	1,16	4	12,2					1	4	0	1	4	3	22	12	0	0	0	0	1	0	0	7	0	0
50f00a69-3521-49de-a33f-20d97fa56a14_game_1.replay26	28	20	1000	B	titanium_collected	5036	17795	4500	19840	7/9	16/17	2/9	9/17	8/9	17/17	450	1984			13	13,9	16	10,9	54	13,7			82	17,10			31	16,9	6	1,11	11	26,11	8	2,11	13	25,11					5	13	1	1	9	17	45	129	0	0	0	1	0	0	3	0	0	1
50f00a69-3521-49de-a33f-20d97fa56a14_game_2.replay26	10	10	321	A	core_destroyed	696	97	2430	70	0/0	0/4	0/0	0/4	0/0	4/4	243	7			2	4,8	2	4,6													5	6,2	3	5,2	7	6,3					5	1	1	0	0	4	8	8	0	0	0	0	0	0	6	0	0	0
50f00a69-3521-49de-a33f-20d97fa56a14_game_3.replay26	25	15	321	A	core_destroyed	116	327	3740	720	2/2	0/5	2/2	0/5	2/2	5/5	374	72			2	12,9	5	12,6									12	13,9	6	16,6	8	7,8	4	16,5	10	8,8					5	0	1	0	2	5	41	4	0	0	0	0	0	0	15	0	0	0
50f00a69-3521-49de-a33f-20d97fa56a14_game_4.replay26	28	20	193	A	core_destroyed	508	607	2870	1140	11/13	4/6	11/13	2/6	11/13	6/6	287	114			15	13,9	21	13,11	52	14,12							44	17,10	4	11,12	6	16,8	2	6,7	8	17,8					7	0	1	0	13	6	32	22	0	0	0	1	0	0	6	0	0	0
50f00a69-3521-49de-a33f-20d97fa56a14_game_5.replay26	16	16	1000	B	titanium_collected	3478	8497	4920	9510	2/3	8/11	2/3	4/11	3/3	9/11	492	951			16	5,5	21	3,3	27	4,1			22	12,14					3	1,4	7	10,15	2	1,3	9	11,15					4	1	1	1	3	11	5	88	0	0	0	0	0	2	5	0	0	1
067dcff2-0649-4a81-a003-387aeb7d6513_game_1.replay26	16	16	370	B	core_destroyed	1166	1214	2170	5110	0/5	6/7	0/5	6/7	5/5	6/7	217	511	12	7,7			31	9,10	17	10,7	21	2,3							4	1,6	4	11,7	6	2,6	3	8,11					0	7	0	1	5	7	7	34	0	0	0	0	0	0	0	13	0	0
067dcff2-0649-4a81-a003-387aeb7d6513_game_2.replay26	25	25	232	B	core_destroyed	62	145	1270	3100	1/6	7/7	1/6	7/7	6/6	7/7	127	310	15	14,14			64	5,8	34	16,14	27	6,3							8	1,7	5	14,18	10	2,7	3	15,18					3	5	0	1	6	7	18	31	0	0	0	0	0	0	1	13	0	0
067dcff2-0649-4a81-a003-387aeb7d6513_game_3.replay26	24	24	1000	B	titanium_collected	8562	9225	11170	14930	4/12	9/20	4/12	8/20	11/12	19/20	1117	1493	22	14,14					26	16,16	39	5,6			44	20,8			8	0,2	10	23,21	10	1,2	8	13,20					2	5	1	1	12	20	57	77	0	0	1	0	2	0	0	9	1	0
067dcff2-0649-4a81-a003-387aeb7d6513_game_4.replay26	28	20	1000	B	titanium_collected	154	16035	740	22550	0/6	13/18	0/6	13/18	5/6	16/18	74	2255	6	14,10					9	17,10					24	11,9			8	1,11	8	15,14	10	2,11	6	15,13					3	9	1	1	6	18	23	72	0	0	1	0	0	0	0	6	0	0
067dcff2-0649-4a81-a003-387aeb7d6513_game_5.replay26	26	26	1000	B	titanium_collected	10002	19721	10130	22680	4/10	9/14	3/10	9/14	10/10	10/14	1013	2268	20	15,16					22	17,18	23	4,5							7	1,6	4	18,14	9	2,6	3	16,19					0	6	1	1	10	14	39	48	0	0	0	0	0	0	0	17	1	0
4e0874d0-a6c0-43b1-8cc9-023c9dab8589_game_1.replay26	28	20	275	A	core_destroyed	1434	8	6730	450	14/22	0/2	14/22	0/2	14/22	2/2	673	45			11	13,10	29	14,10					10	18,8					4	11,12	6	19,13	2	6,7	8	19,12					8	1	1	0	22	2	54	6	0	0	0	0	0	0	9	0	0	0
4e0874d0-a6c0-43b1-8cc9-023c9dab8589_game_2.replay26	21	8	95	B	core_destroyed	5	12	850	290	3/4	2/3	3/4	2/3	4/4	3/3	85	29			12	11,4	10	8,6											3	9,5	6	11,5	3	2,4	8	15,5					5	1	0	1	4	3	12	21	0	0	0	0	0	1	5	0	0	0
4e0874d0-a6c0-43b1-8cc9-023c9dab8589_game_3.replay26	25	25	337	A	core_destroyed	233	200	4180	1100	7/8	0/4	7/8	0/4	8/8	3/4	418	110			27	7,16	42	6,17					54	20,2			12	20,4	4	1,17	6	23,7	2	1,18	8	23,6					6	1	1	0	8	4	54	34	0	0	0	1	0	0	16	0	0	0
4e0874d0-a6c0-43b1-8cc9-023c9dab8589_game_4.replay26	25	15	155	B	core_destroyed	0	89	0	1190	0/2	6/8	0/2	6/8	2/2	8/8	0	119			3	11,9	4	10,6	87	12,7									6	16,6	5	16,8	4	16,5	7	15,8					5	6	0	1	2	8	9	47	0	0	0	0	0	0	2	1	0	0
4e0874d0-a6c0-43b1-8cc9-023c9dab8589_game_5.replay26	24	24	1000	A	titanium_collected	8534	1487	11850	900	6/15	0/8	6/15	0/8	10/15	7/8	1185	90			38	8,8	41	6,6	153	19,14			16	20,17					6	0,2	11	13,19	4	1,2	13	14,19					4	1	1	1	15	8	56	24	0	0	0	0	0	0	18	0	0	1
621b841e-c4b9-43dd-b8bb-489ab2130747_game_1.replay26	18	18	354	B	core_destroyed	690	70	1460	3980	1/3	4/5	1/3	4/5	3/3	5/5	146	398	18	9,3			73	5,11	21	12,3	53	0,13			89	5,14			4	1,17	2	12,1	5	1,16	4	12,2					2	5	0	1	3	5	8	16	0	0	0	0	0	0	0	15	0	0
621b841e-c4b9-43dd-b8bb-489ab2130747_game_2.replay26	28	20	215	B	core_destroyed	387	291	1610	3470	1/4	7/9	1/4	7/9	4/4	8/9	161	347	6	14,9			45	11,11	14	14,12	20	6,7							5	6,6	3	16,8	7	7,6	3	19,12					0	5	0	1	4	9	11	34	0	0	0	0	0	0	0	15	0	0
621b841e-c4b9-43dd-b8bb-489ab2130747_game_3.replay26	26	26	476	B	core_destroyed	4743	5661	6690	11580	4/11	13/17	3/11	13/17	11/11	14/17	669	1158	20	15,16					22	17,18	10	4,7			142	8,7			4	1,6	4	18,14	6	2,6	3	16,19					0	7	0	1	11	17	65	60	0	0	0	0	0	0	0	17	0	0
621b841e-c4b9-43dd-b8bb-489ab2130747_game_4.replay26	25	25	271	B	core_destroyed	511	666	3070	5110	4/9	11/11	2/9	11/11	9/9	11/11	307	511	16	14,14					21	14,17	25	7,3			109	8,9			7	1,7	5	14,18	9	2,7	3	15,18					1	4	0	1	9	11	51	74	0	0	1	0	4	0	0	10	0	0
621b841e-c4b9-43dd-b8bb-489ab2130747_game_5.replay26	14	18	1000	B	titanium_collected	8147	7782	8140	9720	3/7	3/4	3/7	3/4	7/7	4/4	814	972	1	6,7			25	7,9	5	4,9									5	7,2	6	3,10	7	7,3	3	3,11					0	7	1	1	7	4	28	22	0	0	0	0	0	0	0	6	0	0
5a6a1a8f-ff00-44a7-a8e7-802b8b03c1b5_game_1.replay26	14	18	356	B	core_destroyed	35	25	1260	3210	0/8	2/2	0/8	2/2	8/8	2/2	126	321	2	6,7					5	6,10									4	7,2	2	7,15	6	7,3	4	7,14					0	3	0	1	8	2	31	15	0	0	0	0	0	0	0	13	0	0
5a6a1a8f-ff00-44a7-a8e7-802b8b03c1b5_game_2.replay26	28	20	621	B	core_destroyed	54	682	4030	7370	0/16	7/8	0/16	7/8	13/16	7/8	403	737	6	14,9			69	3,10	9	17,9	89	12,9							11	12,14	8	15,14	13	12,13	6	15,13					5	5	0	1	16	8	22	57	0	0	0	0	0	0	0	14	0	0
5a6a1a8f-ff00-44a7-a8e7-802b8b03c1b5_game_3.replay26	24	24	1000	B	titanium_collected	52	10082	3110	18310	1/5	19/27	1/5	19/27	5/5	25/27	311	1831	44	14,14			80	7,1	52	16,16	20	3,6							14	10,4	10	23,21	16	10,3	8	13,20					2	5	1	1	5	27	36	75	0	0	0	0	0	0	1	12	1	0
5a6a1a8f-ff00-44a7-a8e7-802b8b03c1b5_game_4.replay26	25	15	1000	A	titanium_collected	19308	603	27540	1540	22/24	0/0	15/24	0/0	23/24	0/0	2754	154	5	12,7			256	13,9	3	11,8	185	8,9							6	16,3	7	7,8	8	16,2	6	16,12					5	2	1	1	24	0	165	20	0	0	0	0	5	0	1	2	1	0
5a6a1a8f-ff00-44a7-a8e7-802b8b03c1b5_game_5.replay26	28	20	989	B	core_destroyed	3472	17535	8320	28160	3/12	12/13	3/12	12/13	12/12	12/13	832	2816	8	14,9			60	11,9	11	15,9	9	9,8							3	8,13	3	16,8	5	8,12	3	19,12					1	6	0	1	12	13	28	69	0	0	0	0	0	0	0	19	0	0
d694094e-018d-4d85-8201-2ac9befc162c_game_1.replay26	24	24	1000	A	titanium_collected	13984	1319	20790	5980	20/20	7/14	20/20	6/14	20/20	13/14	2079	598			299	22,16	40	7,7					21	17,17					6	0,2	8	23,21	4	1,2	10	21,15					7	8	1	1	20	14	83	67	0	0	0	0	0	6	4	0	0	1
d694094e-018d-4d85-8201-2ac9befc162c_game_2.replay26	25	15	1000	A	titanium_collected	7670	7805	15520	14890	5/5	11/15	5/5	6/15	5/5	15/15	1552	1489			10	10,7	13	7,4	48	6,5			42	7,9					6	16,6	10	16,11	4	16,5	12	16,12					5	4	1	1	5	15	29	80	0	0	0	0	0	0	15	0	0	1
d694094e-018d-4d85-8201-2ac9befc162c_game_3.replay26	25	25	1000	A	titanium_collected	12427	87	25100	9300	14/16	7/13	13/16	3/13	14/16	13/13	2510	930			18	10,10	23	7,10	94	17,12			22	17,20					5	9,9	6	14,18	3	9,8	13	16,15					8	2	1	1	16	13	85	78	0	0	0	0	0	0	19	0	0	1
d694094e-018d-4d85-8201-2ac9befc162c_game_4.replay26	26	26	1000	A	titanium_collected	18939	9596	23490	11440	18/24	3/10	18/24	3/10	21/24	10/10	2349	1144			25	9,9	28	7,7	44	8,8			19	18,21					5	4,2	7	23,19	3	4,3	9	23,20					9	8	1	1	24	10	66	39	0	0	0	0	0	0	11	0	0	1
d694094e-018d-4d85-8201-2ac9befc162c_game_5.replay26	16	16	684	A	core_destroyed	738	159	9600	5430	6/6	0/4	6/6	0/4	6/6	4/4	960	543			7	8,8	11	6,6	42	7,6			33	9,14					4	1,6	4	14,9	2	2,6	6	13,9					4	2	1	0	6	4	23	10	0	0	0	0	0	0	10	0	0	0
78dd80a3-6a83-4f08-87fc-0355cf95f77e_game_1.replay26	16	16	688	A	core_destroyed	7393	26	13240	1430	6/6	0/6	6/6	0/6	6/6	6/6	1324	143			10	8,8	14	6,6											4	1,6	7	7,11	2	2,6	11	8,11					8	1	1	0	6	6	42	6	0	0	0	0	0	0	13	0	0	0
78dd80a3-6a83-4f08-87fc-0355cf95f77e_game_2.replay26	26	26	1000	B	titanium_collected	13633	21625	19630	25040	8/8	10/18	8/8	9/18	8/8	18/18	1963	2504					29	8,6	44	8,5			13	19,16					5	7,11	6	24,19	3	7,10	13	16,19					6	5	1	1	8	18	38	80	0	0	0	0	0	0	14	0	0	0
78dd80a3-6a83-4f08-87fc-0355cf95f77e_game_3.replay26	24	24	1000	A	titanium_collected	10080	4159	17160	8020	9/15	1/13	8/15	1/13	9/15	13/13	1716	802			99	12,18	47	7,7	135	12,12			29	21,17					6	0,2	7	23,21	4	1,2	9	22,21					4	7	1	1	15	13	60	36	0	0	0	0	0	3	10	1	0	0
78dd80a3-6a83-4f08-87fc-0355cf95f77e_game_4.replay26	18	18	1000	A	titanium_collected	1510	760	11850	6070	5/5	2/3	5/5	2/3	5/5	3/3	1185	607			15	3,9	25	3,11					16	14,0					2	1,17	3	16,0	4	1,16	5	15,0					3	6	1	1	5	3	16	34	0	0	0	0	0	0	17	0	0	1
78dd80a3-6a83-4f08-87fc-0355cf95f77e_game_5.replay26	26	26	1000	A	titanium_collected	8474	27	16800	8360	11/18	3/9	7/18	3/9	16/18	9/9	1680	836			36	9,9	55	10,9	39	8,8			25	18,18					5	4,2	9	19,14	3	4,3	11	20,14					3	6	1	1	18	9	32	33	0	0	0	0	0	1	11	1	0	0
16e6c29f-92d5-42a3-b2a2-ac46cbf9cfb2_game_1.replay26	16	16	1000	A	titanium_collected	5259	38	13170	2110	4/4	0/7	4/4	0/7	4/4	7/7	1317	211			6	8,8	10	6,6					20	9,7					4	1,6	6	14,9	2	2,6	8	13,9					4	2	1	1	4	7	15	9	0	0	0	0	0	0	17	0	0	0
16e6c29f-92d5-42a3-b2a2-ac46cbf9cfb2_game_2.replay26	24	24	1000	A	titanium_collected	13548	6113	18570	12100	9/17	11/14	9/17	5/14	16/17	14/14	1857	1210			105	14,21	31	7,7					16	17,17					6	0,2	8	13,19	4	1,2	10	14,19					3	11	1	1	17	14	67	62	0	0	0	0	0	5	7	0	0	1
16e6c29f-92d5-42a3-b2a2-ac46cbf9cfb2_game_3.replay26	25	25	356	A	core_destroyed	129	24	4650	970	6/6	0/5	6/6	0/5	6/6	5/5	465	97			30	7,16	40	8,16					15	20,2			10	20,4	4	1,17	4	23,7	2	1,18	6	23,6					6	2	1	0	6	5	58	15	0	0	0	0	0	0	19	0	0	0
16e6c29f-92d5-42a3-b2a2-ac46cbf9cfb2_game_4.replay26	18	18	572	A	core_destroyed	855	32	6840	1760	5/6	0/2	5/6	0/2	6/6	2/2	684	176			17	3,9	28	3,12	54	15,6			19	16,1					2	1,17	6	12,1	4	1,16	10	13,1					4	1	1	0	6	2	18	6	0	0	0	0	0	0	19	0	0	0
16e6c29f-92d5-42a3-b2a2-ac46cbf9cfb2_game_5.replay26	25	25	1000	A	titanium_collected	5861	52	16760	8140	11/11	9/16	11/11	2/16	11/11	16/16	1676	814			24	10,10	29	10,7	72	5,9			14	19,16					5	9,9	10	13,19	3	9,8	11	15,20					6	2	1	1	11	16	60	82	0	0	0	0	0	1	23	3	0	0
dfdcee4b-0613-4d96-9a91-25d4b26eee32_game_1.replay26	20	26	214	B	core_destroyed	12	346	910	4560	0/3	12/13	0/3	12/13	3/3	13/13	91	456	19	9,9					12	7,14									5	10,11	3	10,14	7	10,10	4	9,14					0	8	0	1	3	13	1	54	0	0	0	0	1	0	0	12	0	0
dfdcee4b-0613-4d96-9a91-25d4b26eee32_game_2.replay26	16	16	1000	B	titanium_collected	3527	6426	4920	7280	7/9	3/3	2/9	3/3	8/9	3/3	492	728	19	10,10			26	11,14	23	12,12	17	3,1							4	1,4	3	14,11	6	1,3	2	14,12					7	3	1	1	9	3	73	18	0	0	0	0	3	0	0	9	1	0
dfdcee4b-0613-4d96-9a91-25d4b26eee32_game_3.replay26	16	16	581	B	core_destroyed	39	663	4600	8150	1/5	6/7	0/5	6/7	5/5	7/7	460	815	14	7,7			22	9,9	19	10,7									4	1,6	4	11,7	6	2,6	3	8,11					2	5	0	1	5	7	19	20	0	0	0	0	0	0	0	12	0	0
dfdcee4b-0613-4d96-9a91-25d4b26eee32_game_4.replay26	25	15	1000	A	titanium_collected	6556	15	12030	1900	24/24	0/0	13/24	0/0	24/24	0/0	1203	190	5	14,5					2	11,8									6	16,6			8	15,6	17	7,9					7	2	1	1	24	0	181	6	0	0	0	0	0	0	0	3	0	0
dfdcee4b-0613-4d96-9a91-25d4b26eee32_game_5.replay26	21	8	636	B	core_destroyed	786	704	2930	6990	2/5	3/3	1/5	3/3	5/5	3/3	293	699	6	9,4					13	10,5									6	1,4	5	11,5	8	3,2	5	10,2					2	3	0	1	5	3	16	27	0	0	0	0	0	0	0	14	0	0
b38a86d5-2c33-462d-9f63-e06cdd5bdd9e_game_1.replay26	20	26	257	B	core_destroyed	3	230	660	4410	0/2	8/9	0/2	8/9	2/2	8/9	66	441	6	10,13			83	11,9	27	12,10	36	9,9							7	10,11	3	10,14	9	10,10	4	9,14					2	5	0	1	2	9	10	36	0	0	0	0	0	0	0	16	0	0
b38a86d5-2c33-462d-9f63-e06cdd5bdd9e_game_2.replay26	25	25	768	B	core_destroyed	60	7087	5160	20860	0/10	15/15	0/10	14/15	10/10	15/15	516	2086	21	14,14					23	16,14	19	4,4							5	1,7	5	14,18	7	2,7	3	15,18					1	6	0	1	10	15	25	103	0	0	0	0	0	0	0	29	0	0
b38a86d5-2c33-462d-9f63-e06cdd5bdd9e_game_3.replay26	25	25	1000	B	titanium_collected	1577	80	8410	8680	3/6	2/6	2/6	2/6	6/6	6/6	841	868	33	17,8					43	18,8	19	0,20							7	1,17	4	23,7	9	1,18	2	23,6					6	2	1	1	6	6	110	34	0	0	0	0	0	0	0	11	1	0
b38a86d5-2c33-462d-9f63-e06cdd5bdd9e_game_4.replay26	18	18	385	B	core_destroyed	18	758	1730	4210	0/3	4/4	0/3	4/4	3/3	4/4	173	421	20	9,3			25	11,3	23	12,3	15	5,15							2	1,17	2	12,1	4	1,16	4	12,2					2	4	0	1	3	4	15	17	0	0	0	0	0	0	0	15	0	0
b38a86d5-2c33-462d-9f63-e06cdd5bdd9e_game_5.replay26	16	16	566	B	core_destroyed	616	1341	3690	7940	1/8	4/4	1/8	4/4	8/8	4/4	369	794	7	7,7					12	9,9	15	2,2							7	4,8	4	11,7	9	4,7	3	8,11					2	5	0	1	8	4	17	40	0	0	0	0	0	0	0	14	0	0
3ced1189-112c-4b56-8b2a-ce59d4dddea4_game_1.replay26	16	16	467	B	core_destroyed	4216	236	5650	3410	0/7	5/5	0/7	5/5	7/7	5/5	565	341	46	3,6			11	9,9	11	8,10	8	6,6							4	1,6	4	11,7	5	2,6	3	8,11					0	5	0	1	7	5	12	15	0	0	0	0	0	0	0	19	0	0
3ced1189-112c-4b56-8b2a-ce59d4dddea4_game_2.replay26	25	15	399	B	core_destroyed	427	15	840	1690	1/2	1/1	1/2	1/1	2/2	1/1	84	169	6	10,5			6	11,7	2	11,8	3	12,6							6	7,6	10	6,13	7	10,2	8	6,12					2	4	0	1	2	1	22	23	0	0	0	0	0	0	0	6	0	0
3ced1189-112c-4b56-8b2a-ce59d4dddea4_game_3.replay26	16	16	1000	B	titanium_collected	4106	7256	5350	10270	1/7	3/3	1/7	3/3	7/7	3/3	535	1027	81	3,1			17	12,12	19	9,11	5	4,3			96	7,8			4	1,4	3	14,11	5	1,3	2	14,12					2	9	1	1	7	3	48	31	0	0	1	0	0	0	0	6	0	0
3ced1189-112c-4b56-8b2a-ce59d4dddea4_game_4.replay26	24	24	402	B	core_destroyed	669	76	1770	4080	0/7	5/7	0/7	5/7	7/7	6/7	177	408					28	21,16	29	20,14	12	8,9			60	11,12			8	0,2	10	23,21	10	1,2	8	13,20					1	5	0	1	7	7	20	64	0	0	5	0	0	0	0	15	0	0
3ced1189-112c-4b56-8b2a-ce59d4dddea4_game_5.replay26	28	20	296	B	core_destroyed	2959	938	4010	6670	0/8	13/15	0/8	13/15	8/8	13/15	401	667					5	16,9	9	17,9	1	10,9			32	15,10			3	4,11	3	16,8	4	5,11	3	19,12					0	8	0	1	8	15	6	62	0	0	0	0	0	0	0	15	0	0
49252597-5bf1-41c3-9efc-80f3d1b6ec77_game_1.replay26	25	25	1000	B	titanium_collected	54	7708	2580	11920	1/3	7/8	0/3	7/8	3/3	8/8	258	1192	26	17,8			166	6,22	32	18,5	17	2,18							8	1,17	4	23,7	10	1,18	2	23,6					10	5	1	1	3	8	24	37	0	0	0	0	0	0	2	15	0	0
49252597-5bf1-41c3-9efc-80f3d1b6ec77_game_2.replay26	25	25	415	B	core_destroyed	35	170	780	3100	0/3	3/3	0/3	3/3	3/3	3/3	78	310	29	17,8			60	18,3	44	18,8	17	3,18							8	1,17	4	23,7	10	1,18	2	23,6					3	4	0	1	3	3	8	22	0	0	0	0	0	0	0	13	0	0
49252597-5bf1-41c3-9efc-80f3d1b6ec77_game_3.replay26	25	25	1000	B	titanium_collected	80	6778	3350	11940	1/4	6/6	1/4	5/6	4/4	6/6	335	1194	26	17,8			32	18,4	32	18,5	13	0,20							5	1,17	4	23,7	7	1,18	2	23,6					4	4	1	1	4	6	39	35	0	0	0	0	0	0	0	10	1	0
49252597-5bf1-41c3-9efc-80f3d1b6ec77_game_4.replay26	25	25	1000	B	titanium_collected	2070	4538	6340	11900	2/5	6/7	2/5	6/7	5/5	7/7	634	1190	30	17,8					32	18,8	16	5,21							3	1,17	4	23,7	5	1,18	2	23,6					3	3	1	1	5	7	50	40	0	0	0	0	0	0	0	17	1	0
49252597-5bf1-41c3-9efc-80f3d1b6ec77_game_5.replay26	25	25	1000	B	titanium_collected	3410	14559	3290	15720	1/6	6/6	1/6	6/6	6/6	6/6	329	1572	30	17,8			124	5,16	32	18,8	17	0,19							6	1,17	4	23,7	8	1,18	2	23,6					12	5	1	1	6	6	18	53	0	0	0	0	1	0	0	13	0	0
2dabf725-ff9a-40a2-8c12-e17de60178d2_game_1.replay26	28	20	624	A	core_destroyed	1621	58	12570	4640	11/15	0/11	11/15	0/11	13/15	11/11	1257	464			6	13,10	10	12,11											4	11,12	8	23,11	2	6,7	10	22,11					8	2	1	0	15	11	81	7	0	0	0	0	0	0	18	0	0	0
2dabf725-ff9a-40a2-8c12-e17de60178d2_game_2.replay26	24	24	539	A	core_destroyed	283	34	8870	2390	10/16	0/14	10/16	0/14	15/16	14/14	887	239					48	7,7					44	17,17					6	0,2	11	13,19	4	1,2	13	14,19					7	1	1	0	16	14	69	35	0	0	0	0	0	0	22	0	0	0
2dabf725-ff9a-40a2-8c12-e17de60178d2_game_3.replay26	18	18	286	A	core_destroyed	705	21	3160	1380	5/5	1/3	5/5	1/3	5/5	3/3	316	138			16	3,9	27	3,12	43	12,4			12	17,1					2	1,17	4	16,0	4	1,16	6	15,0					3	3	1	0	5	3	17	34	0	0	0	0	0	0	8	3	0	1
2dabf725-ff9a-40a2-8c12-e17de60178d2_game_4.replay26	26	26	1000	A	titanium_collected	17624	7927	25560	12700	15/18	2/13	11/18	2/13	14/18	13/13	2556	1270			24	9,9	27	7,7	28	8,8			25	18,18					5	4,2	6	23,19	3	4,3	8	23,20					8	9	1	1	18	13	67	38	0	0	0	0	0	0	17	0	0	0
2dabf725-ff9a-40a2-8c12-e17de60178d2_game_5.replay26	25	15	1000	B	titanium_collected	37	3797	4940	12760	1/1	19/23	1/1	4/23	1/1	22/23	494	1276			1	11,9	2	10,6	74	11,5									6	16,6	6	16,8	4	16,5	8	15,8					5	4	1	1	1	23	16	137	0	0	0	0	0	0	11	0	0	0
b398b5e3-0dc8-4358-b2f0-8adbce56a57a_game_1.replay26	26	26	331	A	core_destroyed	1542	22	5960	1190	10/12	0/6	10/12	0/6	11/12	6/6	596	119			36	9,10	30	8,10					20	22,21					5	7,11	5	15,19	3	7,10	7	16,19					5	2	1	0	12	6	32	8	0	0	0	0	0	0	15	0	0	0
b398b5e3-0dc8-4358-b2f0-8adbce56a57a_game_2.replay26	25	15	1000	B	titanium_collected	23	6437	3580	15460	0/1	17/23	0/1	8/23	1/1	22/23	358	1546			1	11,9	2	10,6	74	11,5									6	16,6	6	16,8	4	16,5	8	15,8					5	7	1	1	1	23	18	151	0	0	0	0	0	0	7	0	0	0
b398b5e3-0dc8-4358-b2f0-8adbce56a57a_game_3.replay26	16	16	1000	A	titanium_collected	25	65	9440	4960	3/4	3/9	3/4	2/9	4/4	9/9	944	496			19	5,5	23	4,13	107	15,10			21	13,12					3	1,4	3	14,11	2	1,3	5	14,12					9	2	1	1	4	9	28	79	0	0	0	0	0	0	8	0	0	0
b398b5e3-0dc8-4358-b2f0-8adbce56a57a_game_4.replay26	21	8	284	A	core_destroyed	253	33	2260	540	2/3	0/3	2/3	0/3	2/3	3/3	226	54			7	11,3	8	8,2											3	9,5	4	11,5	3	2,4	6	12,5					4	1	1	0	3	3	14	16	0	0	0	0	0	0	11	0	0	0
b398b5e3-0dc8-4358-b2f0-8adbce56a57a_game_5.replay26	28	20	1000	A	titanium_collected	12176	5194	23630	12650	12/16	6/11	9/16	5/11	14/16	11/11	2363	1265			10	13,10	14	12,11	105	14,11			19	22,7					4	11,12	6	16,8	2	6,7	8	17,8					6	3	1	1	16	11	59	52	0	0	0	0	0	0	16	0	0	0
77ec4c2b-4dd2-4529-8691-ab23f092118e_game_1.replay26	18	18	296	A	core_destroyed	107	15	3380	1010	5/6	1/2	5/6	1/2	6/6	2/2	338	101			20	3,9	31	3,12					22	14,5					2	1,17	4	16,0	4	1,16	6	13,3					5	2	1	0	6	2	19	11	0	0	0	0	0	0	13	0	0	0
77ec4c2b-4dd2-4529-8691-ab23f092118e_game_2.replay26	10	10	1000	A	titanium_collected	362	36	4950	1970	2/2	0/2	2/2	0/2	2/2	2/2	495	197			4	7,9	2	4,6											5	6,2	12	3,7	3	5,2	15	4,7					7	0	1	1	2	2	14	3	0	0	0	0	0	1	8	0	0	0
77ec4c2b-4dd2-4529-8691-ab23f092118e_game_3.replay26	14	18	682	A	core_destroyed	3286	2097	9730	4820	5/6	3/6	5/6	3/6	6/6	6/6	973	482			5	6,10	8	6,7											2	7,2	4	5,16	3	5,2	6	8,13					5	2	1	0	6	6	26	29	0	0	0	0	0	0	10	0	0	0
77ec4c2b-4dd2-4529-8691-ab23f092118e_game_4.replay26	21	8	78	B	core_destroyed	254	30	760	300	4/4	2/3	4/4	2/3	4/4	3/3	76	30			10	11,4	10	8,3											3	9,5	5	11,5	3	2,4	7	12,5					5	3	0	1	4	3	18	20	0	0	0	0	0	1	5	0	0	0
77ec4c2b-4dd2-4529-8691-ab23f092118e_game_5.replay26	24	24	1000	A	titanium_collected	9828	3191	16430	7490	11/21	6/11	11/21	2/11	18/21	11/11	1643	749			151	22,16	42	7,7					18	17,20					6	0,2	8	23,21	4	1,2	10	22,21					3	6	1	1	21	11	71	49	0	0	0	0	0	5	10	0	0	1
81bfff37-f67a-45da-9c84-5d7af3c89fa7_game_1.replay26	25	25	1000	B	titanium_collected	77	7286	3790	11740	1/4	6/7	1/4	4/7	4/4	7/7	379	1174	30	17,8			209	8,15	32	18,8	17	5,22							3	1,17	4	23,7	5	1,18	2	23,6					2	5	1	1	4	7	43	60	0	0	0	0	5	0	1	14	1	0
81bfff37-f67a-45da-9c84-5d7af3c89fa7_game_2.replay26	25	25	1000	B	titanium_collected	89	5071	5210	11590	1/4	6/7	1/4	4/7	4/4	7/7	521	1159	30	17,8			164	7,20	32	18,8	17	2,18							6	1,17	4	23,7	8	1,18	2	23,6					3	3	1	1	4	7	54	43	0	0	0	0	1	0	3	16	1	0
81bfff37-f67a-45da-9c84-5d7af3c89fa7_game_3.replay26	25	25	1000	B	titanium_collected	86	5613	3080	11930	1/5	5/7	1/5	5/7	5/5	7/7	308	1193	33	17,8					43	18,8	16	2,18							7	1,17	4	23,7	9	1,18	2	23,6					2	4	1	1	5	7	30	41	0	0	0	0	0	0	0	15	1	0
81bfff37-f67a-45da-9c84-5d7af3c89fa7_game_4.replay26	25	25	1000	B	titanium_collected	89	5071	5210	11590	1/4	6/7	1/4	4/7	4/4	7/7	521	1159	30	17,8			164	7,20	32	18,8	17	2,18							6	1,17	4	23,7	8	1,18	2	23,6					3	3	1	1	4	7	54	43	0	0	0	0	1	0	3	16	1	0
81bfff37-f67a-45da-9c84-5d7af3c89fa7_game_5.replay26	25	25	1000	B	titanium_collected	39	7585	3850	11720	1/5	7/7	1/5	7/7	5/5	7/7	385	1172	33	17,8			147	18,4	38	16,8	19	0,20							7	1,17	4	23,7	9	1,18	2	23,6					3	7	1	1	5	7	47	46	0	0	0	0	0	0	2	10	1	0
05c036d8-0535-418e-8b6a-c8f2981f1b3e_game_1.replay26	25	25	1000	B	titanium_collected	74	4762	6380	11790	2/6	6/6	2/6	6/6	6/6	6/6	638	1179					34	18,4	33	18,5	17	2,17							6	1,17	4	23,7	8	1,18	2	23,6					3	5	1	1	6	6	66	37	0	0	0	0	0	0	4	15	1	0
05c036d8-0535-418e-8b6a-c8f2981f1b3e_game_2.replay26	25	25	1000	B	titanium_collected	402	10313	4340	13990	3/6	6/6	3/6	6/6	6/6	6/6	434	1399	155	5,21			32	18,4	32	18,5	50	0,20							5	1,17	4	23,7	7	1,18	2	23,6					2	6	1	1	6	6	49	54	0	0	0	0	1	0	3	13	1	0
05c036d8-0535-418e-8b6a-c8f2981f1b3e_game_3.replay26	25	25	1000	A	titanium_collected	2516	455	7670	2540	6/6	1/6	2/6	1/6	6/6	6/6	767	254					31	18,4	30	18,5	20	1,22							11	1,17	4	23,7	13	1,18	2	23,6					12	4	1	1	6	6	148	26	0	0	0	0	0	0	5	6	1	0
05c036d8-0535-418e-8b6a-c8f2981f1b3e_game_4.replay26	25	25	1000	B	titanium_collected	92	8899	1410	11900	1/4	6/6	0/4	6/6	4/4	6/6	141	1190	174	4,22			183	4,19	51	13,11	39	5,21							6	1,17	4	23,7	8	1,18	2	23,6					1	6	1	1	4	6	34	48	0	0	0	0	3	0	2	11	1	0
05c036d8-0535-418e-8b6a-c8f2981f1b3e_game_5.replay26	25	25	1000	B	titanium_collected	32	4238	5680	11820	2/7	3/5	2/7	3/5	7/7	5/5	568	1182	236	5,19			244	7,17	44	16,14	15	0,19							6	1,17	4	23,7	8	1,18	2	23,6					3	7	1	1	7	5	49	78	0	0	0	0	4	0	2	13	1	0
99c785ed-543d-48e5-92ea-94c6aa40a70b_game_1.replay26	28	20	698	A	core_destroyed	2210	38	11210	3140	7/10	0/11	7/10	0/11	7/10	10/11	1121	314			16	13,10	17	10,11	187	15,8			47	21,8					6	1,11	10	26,11	8	2,11	12	25,11					9	1	1	0	10	11	73	11	0	0	0	0	0	0	19	0	0	0
99c785ed-543d-48e5-92ea-94c6aa40a70b_game_2.replay26	25	15	78	B	core_destroyed	5	32	90	280	0/2	2/3	0/2	2/3	2/2	3/3	9	28			2	12,9	5	12,6											6	16,6	11	16,11	4	16,5	13	16,12					5	3	0	1	2	3	10	16	0	0	0	0	0	1	1	0	0	0
99c785ed-543d-48e5-92ea-94c6aa40a70b_game_3.replay26	10	10	277	A	core_destroyed	232	12	1520	30	2/2	0/2	2/2	0/2	2/2	2/2	152	3			1	4,8	2	4,6											5	6,2	6	3,7	3	5,2	8	4,7					4	1	1	0	2	2	18	1	0	0	0	0	0	1	6	0	0	0
99c785ed-543d-48e5-92ea-94c6aa40a70b_game_4.replay26	14	18	868	A	core_destroyed	2601	2787	12160	6460	5/5	2/7	5/5	2/7	5/5	7/7	1216	646			3	7,10	6	7,7											2	7,2	4	7,15	3	5,2	6	7,14					7	1	1	0	5	7	25	28	0	0	0	0	0	0	14	0	0	0
99c785ed-543d-48e5-92ea-94c6aa40a70b_game_5.replay26	16	16	473	A	core_destroyed	669	22	6530	2600	6/7	0/4	6/7	0/4	7/7	4/4	653	260			7	8,8	11	6,6	42	7,6			33	9,14					4	1,6	4	14,9	2	2,6	6	13,9					5	2	1	0	7	4	25	10	0	0	0	0	0	0	13	0	0	0
0b566354-8f5a-40a9-b419-5bd3119aa056_game_1.replay26	16	16	1000	A	titanium_collected	6584	4548	8900	4990	7/9	2/5	3/9	2/5	8/9	3/5	890	499	19	10,10			25	12,12	32	10,13	82	0,3							4	1,4	3	14,11	6	1,3	2	14,12					8	2	1	1	9	5	80	13	0	0	0	0	0	0	3	4	1	0
0b566354-8f5a-40a9-b419-5bd3119aa056_game_2.replay26	26	26	1000	B	titanium_collected	12226	15267	24920	28260	13/16	13/15	12/16	13/15	16/16	15/15	2492	2826	20	15,16			178	12,3	22	17,18	13	7,7							4	1,6	4	18,14	6	2,6	3	16,19					10	3	1	1	16	15	96	61	0	0	0	0	2	0	0	19	1	0
0b566354-8f5a-40a9-b419-5bd3119aa056_game_3.replay26	24	24	1000	B	titanium_collected	28	8819	1050	16830	0/5	19/29	0/5	11/29	4/5	21/29	105	1683	24	14,14					28	16,16	68	5,2							9	10,4	10	23,21	11	10,3	8	13,20					2	6	1	1	5	29	13	66	0	0	0	0	0	0	0	12	0	0
0b566354-8f5a-40a9-b419-5bd3119aa056_game_4.replay26	20	26	350	B	core_destroyed	33	1514	700	6770	0/5	9/9	0/5	9/9	5/5	9/9	70	677	11	10,13					21	9,12									7	6,11	3	10,14	9	7,11	4	9,14					1	6	0	1	5	9	19	45	0	0	0	0	0	0	0	15	0	0
0b566354-8f5a-40a9-b419-5bd3119aa056_game_5.replay26	25	25	1000	B	titanium_collected	19	6172	2470	11570	0/3	6/7	0/3	6/7	3/3	7/7	247	1157	26	17,8			365	5,19	40	18,8	61	4,19							8	1,17	4	23,7	10	1,18	2	23,6					2	6	1	1	3	7	35	30	0	0	0	0	0	0	0	14	0	0
694a1016-a886-4892-901c-d6c863358b9a_game_1.replay26	16	16	1000	A	titanium_collected	2567	1315	7230	5840	3/5	2/8	3/5	2/8	5/5	8/8	723	584			19	5,5	25	3,3	68	11,7			23	12,14					3	1,4	3	14,11	2	1,3	5	14,12					10	6	1	1	5	8	21	57	0	0	0	0	0	3	7	3	0	1
694a1016-a886-4892-901c-d6c863358b9a_game_2.replay26	24	24	1000	A	titanium_collected	10305	22	18060	4290	9/18	0/15	9/18	0/15	17/18	14/15	1806	429			161	20,12	43	7,7	169	18,9			21	17,16					6	0,2	12	13,19	4	1,2	14	14,19					4	1	1	1	18	15	71	37	0	0	0	0	0	0	15	0	0	1
694a1016-a886-4892-901c-d6c863358b9a_game_3.replay26	14	18	1000	A	titanium_collected	391	1350	11250	8460	3/3	3/9	3/3	3/9	3/3	9/9	1125	846			1	6,10	6	6,7											8	5,1	3	7,15	6	5,2	5	7,14					5	1	1	1	3	9	32	29	0	0	0	0	0	0	17	0	0	0
694a1016-a886-4892-901c-d6c863358b9a_game_4.replay26	10	10	334	A	core_destroyed	180	10	2160	0	2/2	0/2	2/2	0/2	2/2	2/2	216	0			1	4,7	2	5,5	17	4,6									5	6,2	5	3,7	3	5,2	7	3,6					5	2	1	0	2	2	11	6	0	0	0	0	0	0	6	0	0	0
694a1016-a886-4892-901c-d6c863358b9a_game_5.replay26	26	26	1000	A	titanium_collected	11955	2074	18780	5430	10/12	3/11	10/12	1/11	11/12	11/11	1878	543			34	9,10	30	8,10					26	21,22					5	7,11	4	15,19	3	7,10	6	16,19					5	3	1	1	12	11	37	37	0	0	0	0	0	0	18	0	0	1
cd9701bb-e064-4723-959d-aa568a5a4457_game_1.replay26	25	15	1000	A	titanium_collected	9939	15	17710	2350	23/24	0/0	9/24	0/0	23/24	0/0	1771	235	1	12,5			104	16,6	1	13,8	82	14,3							7	16,3			9	16,2	7	16,12					8	1	1	1	24	0	160	9	0	0	0	0	0	0	0	3	1	0
cd9701bb-e064-4723-959d-aa568a5a4457_game_2.replay26	10	10	332	B	core_destroyed	28	83	630	2710	0/5	1/1	0/5	1/1	5/5	1/1	63	271	3	2,5			12	5,4	4	5,5									5	6,2	6	3,7	10	5,0	5	4,7					2	5	0	1	5	1	8	12	0	0	0	0	0	0	0	9	0	0
cd9701bb-e064-4723-959d-aa568a5a4457_game_3.replay26	28	20	1000	A	titanium_collected	12534	2327	17630	2770	13/16	1/5	7/16	1/5	14/16	5/5	1763	277	5	14,10			55	14,10	8	17,10	97	12,8							7	1,11	8	15,14	9	2,11	6	15,13					15	6	1	1	16	5	112	31	0	0	0	0	3	0	2	0	1	0
cd9701bb-e064-4723-959d-aa568a5a4457_game_4.replay26	24	24	1000	B	titanium_collected	3805	9623	7150	17270	1/13	14/20	1/13	13/20	12/13	17/20	715	1727	52	14,14					58	16,16	21	2,4							11	10,4	10	23,21	13	10,3	8	13,20					7	7	1	1	13	20	32	87	0	0	0	0	1	0	0	12	1	0
cd9701bb-e064-4723-959d-aa568a5a4457_game_5.replay26	14	18	1000	A	titanium_collected	3555	15	10690	6980	8/9	3/3	4/9	2/3	9/9	3/3	1069	698	1	6,7			77	7,8	5	4,9	10	2,6							5	7,2	6	3,10	7	6,3	3	3,11					7	1	1	1	9	3	84	17	0	0	0	0	0	0	0	7	1	0
3f1be807-92cc-4a6c-9b97-620f81e81cfa_game_1.replay26	25	25	1000	A	titanium_collected	2463	2946	18630	15040	8/9	5/16	8/9	4/16	9/9	16/16	1863	1504			18	10,10	23	7,10	136	19,13			22	17,20					5	9,9	6	14,18	3	9,8	13	16,15					5	4	1	1	9	16	48	83	0	0	0	0	0	0	26	0	0	1
3f1be807-92cc-4a6c-9b97-620f81e81cfa_game_2.replay26	20	26	413	A	core_destroyed	707	26	6700	860	7/10	0/2	7/10	0/2	8/10	2/2	670	86			10	10,12	12	9,11	73	8,16			19	12,14					3	10,11	4	14,18	3	9,3	6	13,18					8	3	1	0	10	2	33	10	0	0	0	0	0	0	17	0	0	0
3f1be807-92cc-4a6c-9b97-620f81e81cfa_game_3.replay26	24	24	1000	B	titanium_collected	5517	8138	11980	12000	8/16	8/17	8/16	5/17	15/16	17/17	1198	1200			201	12,18	41	7,7					49	20,21					6	0,2	9	13,19	4	1,2	11	14,19					4	7	1	1	16	17	73	77	0	0	0	0	0	1	10	0	0	1
3f1be807-92cc-4a6c-9b97-620f81e81cfa_game_4.replay26	25	15	1000	B	titanium_collected	15	12072	5160	18900	2/2	20/22	2/2	16/22	2/2	22/22	516	1890			6	10,7	9	14,7	15	13,8									6	16,6	7	16,8	4	16,5	13	15,8					2	5	1	1	2	22	16	150	0	0	0	0	0	0	3	0	0	0
3f1be807-92cc-4a6c-9b97-620f81e81cfa_game_5.replay26	14	18	1000	B	titanium_collected	35	3721	8640	9340	3/3	8/9	3/3	4/9	3/3	9/9	864	934			10	7,10	9	7,8											2	7,2	3	7,15	3	5,2	5	7,14					0	4	1	1	3	9	14	81	0	0	0	0	0	0	6	0	0	0
3c6d91d2-94d4-49d1-a797-de51e9e56e18_game_1.replay26	24	24	1000	B	titanium_collected	5703	7769	11980	12000	8/16	10/17	8/16	6/17	15/16	17/17	1198	1200			201	12,18	41	7,7					49	20,21					6	0,2	9	13,19	4	1,2	11	14,19					3	6	1	1	16	17	69	91	0	0	0	0	0	1	5	0	0	1
3c6d91d2-94d4-49d1-a797-de51e9e56e18_game_2.replay26	18	18	563	A	core_destroyed	680	38	6310	1510	3/4	1/3	3/4	0/3	4/4	3/3	631	151			16	3,9	27	3,12	64	14,4									2	1,17	5	16,0	4	1,16	6	16,3					6	2	1	0	4	3	16	16	0	0	0	0	0	0	20	0	0	0
3c6d91d2-94d4-49d1-a797-de51e9e56e18_game_3.replay26	16	16	1000	A	titanium_collected	45	4724	14230	13720	6/6	6/6	6/6	6/6	6/6	6/6	1423	1372			4	8,8	17	6,6	35	6,8			23	9,8					4	1,6	5	14,9	2	2,6	7	13,9					7	8	1	1	6	6	16	62	0	0	0	0	0	0	12	0	0	0
3c6d91d2-94d4-49d1-a797-de51e9e56e18_game_4.replay26	28	20	521	A	core_destroyed	489	570	11290	5550	11/16	2/8	11/16	1/8	12/16	8/8	1129	555			10	13,10	14	12,11	49	16,9			15	21,8					4	11,12	6	16,8	2	6,7	8	17,8					8	3	1	0	16	8	47	16	0	0	0	0	0	0	18	0	0	0
3c6d91d2-94d4-49d1-a797-de51e9e56e18_game_5.replay26	20	26	279	A	core_destroyed	989	12	4140	160	8/10	0/2	8/10	0/2	9/10	2/2	414	16			7	10,12	14	11,11											3	10,11	10	10,14	3	9,3	12	10,15					8	1	1	0	10	2	40	4	0	0	0	0	0	0	6	0	0	0
d4db288e-9b24-487a-a30f-6b7e63c0b408_game_1.replay26	24	24	351	B	core_destroyed	17	647	210	3010	0/6	4/5	0/6	4/5	5/6	5/5	21	301	22	14,14					26	16,16	9	2,8			52	20,18			8	0,2	10	23,21	10	1,2	8	13,20					2	7	0	1	6	5	26	50	0	0	0	0	0	0	0	6	1	0
d4db288e-9b24-487a-a30f-6b7e63c0b408_game_2.replay26	18	18	720	B	core_destroyed	1736	60	3280	3660	0/3	2/2	0/3	2/2	3/3	2/2	328	366	69	7,15			81	4,11	32	13,5	5	1,12							4	5,16	2	12,1	6	4,16	4	12,2					0	3	0	1	3	2	16	13	0	0	0	0	0	0	0	12	0	0
d4db288e-9b24-487a-a30f-6b7e63c0b408_game_3.replay26	16	16	211	A	core_destroyed	165	27	2260	1360	5/7	3/3	5/7	3/3	7/7	3/3	226	136	6	7,7					12	9,7					32	10,12			6	9,2	4	11,7	8	2,6	3	8,11					2	4	1	0	7	3	27	13	0	0	0	0	6	0	0	9	0	0
d4db288e-9b24-487a-a30f-6b7e63c0b408_game_4.replay26	28	20	338	B	core_destroyed	225	589	1140	5590	0/4	9/12	0/4	9/12	4/4	9/12	114	559	7	14,10					13	15,9	5	6,7			53	19,11			4	8,13	3	16,8	6	8,12	3	19,12					2	5	0	1	4	12	8	35	0	0	0	0	0	0	0	21	0	0
d4db288e-9b24-487a-a30f-6b7e63c0b408_game_5.replay26	20	26	361	B	core_destroyed	11	314	450	4080	0/3	6/7	0/3	6/7	3/3	7/7	45	408	8	10,13			112	7,11	11	7,15	8	10,9			53	8,18			7	10,11	3	10,14	9	11,10	4	9,14					0	6	0	1	3	7	2	43	0	0	0	0	0	0	0	13	0	0
442cd494-d2c7-42a2-bb66-2feee57ef87c_game_1.replay26	20	26	315	A	core_destroyed	1508	91	7070	1490	7/7	0/9	7/7	0/9	7/7	9/9	707	149			65	7,9	12	11,8	145	10,16			9	9,21					3	10,11	8	14,18	3	9,3	10	10,15					3	2	1	0	7	9	46	10	0	0	0	0	0	0	22	0	0	0
442cd494-d2c7-42a2-bb66-2feee57ef87c_game_2.replay26	28	20	1000	A	titanium_collected	13181	8278	22470	10510	12/17	4/9	11/17	1/9	14/17	9/9	2247	1051			56	13,10	12	6,11					6	22,10			20	9,10	4	11,12	5	19,13	2	6,7	7	19,12					6	0	1	1	17	9	51	20	0	0	0	0	0	0	17	0	0	0
442cd494-d2c7-42a2-bb66-2feee57ef87c_game_3.replay26	28	20	233	B	core_destroyed	5	23	820	1390	1/2	1/7	1/2	1/7	2/2	7/7	82	139			82	10,9	14	12,7					10	15,11					6	1,11	9	26,11	8	2,11	11	25,11					5	4	0	1	2	7	19	30	0	0	0	0	0	1	5	0	0	0
442cd494-d2c7-42a2-bb66-2feee57ef87c_game_4.replay26	21	8	181	B	core_destroyed	4	14	920	1540	1/2	5/6	1/2	5/6	2/2	6/6	92	154			11	8,1	6	9,3					7	17,2			50	6,5	3	9,5	6	11,5	3	2,4	8	12,4					4	5	0	1	2	6	5	38	0	0	0	0	0	2	3	0	0	1
442cd494-d2c7-42a2-bb66-2feee57ef87c_game_5.replay26	25	15	388	B	core_destroyed	15	332	3110	2090	3/7	4/7	3/7	4/7	7/7	6/7	311	209			8	7,11	8	10,6					10	6,11			10	13,4	6	16,6	9	16,8	4	16,5	11	15,8					5	1	0	1	7	7	49	26	0	0	0	0	0	2	13	0	0	1
544ab724-a14b-444b-9a63-c37d3a23001e_game_1.replay26	20	26	244	B	core_destroyed	10	147	810	4450	0/4	12/12	0/4	12/12	4/4	12/12	81	445	7	10,13					20	7,9									7	9,2	3	10,14	9	9,3	4	9,14					2	7	0	1	4	12	19	44	0	0	0	0	0	0	0	15	0	0
544ab724-a14b-444b-9a63-c37d3a23001e_game_2.replay26	28	20	1000	A	titanium_collected	9408	7136	18930	17520	8/19	6/7	7/19	6/7	18/19	7/7	1893	1752	12	14,10			50	13,11	18	14,8	12	5,9							7	6,6	3	16,8	9	7,6	3	19,12					4	6	1	1	19	7	86	23	0	0	0	0	0	0	0	17	1	0
544ab724-a14b-444b-9a63-c37d3a23001e_game_3.replay26	28	20	1000	B	titanium_collected	16	881	3940	8240	0/10	10/11	0/10	10/11	9/10	10/11	394	824	5	14,10			56	14,10	8	17,10	115	10,11							7	1,11	8	15,14	9	2,11	6	15,13					3	4	1	1	10	11	26	57	0	0	0	0	1	0	0	17	0	0
544ab724-a14b-444b-9a63-c37d3a23001e_game_4.replay26	21	8	124	A	core_destroyed	56	15	780	150	3/3	0/2	3/3	0/2	3/3	1/2	78	15	2	9,3			48	11,3	2	12,3									4	1,4	6	11,5	6	2,4	4	11,4					2	3	1	0	3	2	28	4	0	0	0	0	0	0	2	1	0	0
544ab724-a14b-444b-9a63-c37d3a23001e_game_5.replay26	25	15	1000	A	titanium_collected	1743	710	11330	7870	14/21	0/0	7/21	0/0	21/21	0/0	1133	787	4	13,5			52	11,8	3	11,7									11	16,3			13	16,2	13	7,9					7	5	1	1	21	0	122	20	0	0	0	0	1	0	0	13	0	0
e6af51e5-9e5d-4e9a-ae1e-1bf623cb8364_game_1.replay26	20	26	151	B	core_destroyed	4	134	1320	1700	3/3	7/8	3/3	7/8	3/3	8/8	132	170			55	8,5	12	11,11					8	9,21			16	11,7	3	10,11	7	14,18	3	9,3	10	10,15					5	4	0	1	3	8	25	41	0	0	0	0	0	1	10	0	0	1
e6af51e5-9e5d-4e9a-ae1e-1bf623cb8364_game_2.replay26	28	20	128	B	core_destroyed	91	241	1470	2030	8/8	12/12	8/8	12/12	8/8	12/12	147	203			45	5,8	14	11,7					6	18,7			17	8,11	4	11,12	5	16,8	2	6,7	7	20,11					5	6	0	1	8	12	33	53	0	0	0	1	0	1	6	0	0	1
e6af51e5-9e5d-4e9a-ae1e-1bf623cb8364_game_3.replay26	28	20	143	B	core_destroyed	54	65	320	800	1/2	4/5	1/2	3/5	2/2	5/5	32	80			87	10,11	18	12,8					11	15,12			47	9,10	6	1,11	10	15,14	8	2,11	12	19,8					4	4	0	1	2	5	7	35	0	0	0	4	0	1	3	0	0	1
e6af51e5-9e5d-4e9a-ae1e-1bf623cb8364_game_4.replay26	21	8	324	A	core_destroyed	155	692	3140	1560	3/3	2/3	3/3	2/3	3/3	3/3	314	156			48	8,1	7	9,7	72	10,6			7	18,4			12	7,3	3	9,5	6	11,5	3	2,4	8	12,5					4	2	1	0	3	3	14	17	0	0	0	0	0	0	12	0	0	1
e6af51e5-9e5d-4e9a-ae1e-1bf623cb8364_game_5.replay26	25	15	168	B	core_destroyed	63	73	2000	1550	5/5	5/8	5/5	4/8	5/5	8/8	200	155			59	8,4	13	12,6					7	8,11			19	11,5	6	16,6	6	16,11	4	16,5	8	16,12					6	3	0	1	5	8	33	33	0	0	0	0	0	2	7	0	0	1
571c7b80-28b0-4c3a-b060-c84e206ed7ce_game_1.replay26	20	26	165	B	core_destroyed	20	84	1110	1840	2/3	6/8	2/3	6/8	3/3	8/8	111	184			58	8,13	11	11,8	65	6,16			8	10,16			41	9,8	3	10,11	7	10,14	3	9,3	10	13,20					6	1	0	1	3	8	19	40	0	0	0	0	0	4	6	1	0	1
571c7b80-28b0-4c3a-b060-c84e206ed7ce_game_2.replay26	28	20	413	A	core_destroyed	1271	142	8770	2620	14/23	0/6	14/23	0/6	18/23	6/6	877	262			9	12,13	15	10,15					7	22,7					4	11,12	6	16,8	2	6,7	8	17,8					11	0	1	0	23	6	67	6	0	0	0	0	0	0	7	0	0	0
571c7b80-28b0-4c3a-b060-c84e206ed7ce_game_3.replay26	28	20	1000	A	titanium_collected	6158	4677	8020	5060	3/10	2/10	3/10	2/10	4/10	10/10	802	506			82	10,9	14	12,7					10	15,11					6	1,11	9	26,11	8	2,11	11	25,11					4	0	1	1	10	10	50	30	0	0	0	0	0	0	7	0	0	0
571c7b80-28b0-4c3a-b060-c84e206ed7ce_game_4.replay26	21	8	552	A	core_destroyed	41	1103	4270	2390	3/4	1/4	3/4	1/4	4/4	4/4	427	239			11	12,6	8	9,3					6	16,5					3	9,5	4	11,5	3	2,4	6	12,5					4	0	1	0	4	4	13	10	0	0	0	0	0	1	9	0	0	1
571c7b80-28b0-4c3a-b060-c84e206ed7ce_game_5.replay26	25	15	154	B	core_destroyed	0	61	0	860	0/1	6/6	0/1	3/6	1/1	5/6	0	86			8	10,12	8	14,6					6	10,13			7	11,5	6	16,6	5	16,11	4	16,5	7	16,12					2	3	0	1	1	6	3	30	0	0	0	2	0	2	1	0	0	1
55bb645d-640f-43c3-91a2-b5ae1be342ed_game_1.replay26	20	26	331	A	core_destroyed	2684	658	6860	1560	9/9	0/9	9/9	0/9	9/9	9/9	686	156			16	6,11	18	8,11					6	8,17			47	9,8	3	10,11	5	9,23	3	9,3	7	9,22					7	1	1	0	9	9	48	17	0	0	0	0	0	0	16	0	0	0
55bb645d-640f-43c3-91a2-b5ae1be342ed_game_2.replay26	28	20	393	A	core_destroyed	563	709	7230	1970	11/16	0/7	10/16	0/7	12/16	7/7	723	197			117	13,9	15	11,10					6	18,7					4	11,12	5	16,8	2	6,7	7	20,11					7	0	1	0	16	7	60	2	0	0	0	0	0	0	17	0	0	0
55bb645d-640f-43c3-91a2-b5ae1be342ed_game_3.replay26	28	20	142	B	core_destroyed	5	36	290	780	1/2	3/4	1/2	3/4	2/2	4/4	29	78			102	13,9	14	12,7					10	15,11			40	9,10	6	1,11	9	26,11	8	2,11	11	25,11					5	2	0	1	2	4	7	35	0	0	0	1	0	2	2	0	0	1
55bb645d-640f-43c3-91a2-b5ae1be342ed_game_4.replay26	21	8	228	A	core_destroyed	417	92	2530	210	4/4	0/2	4/4	0/2	4/4	2/2	253	21			13	12,3	11	10,3					8	12,6			13	6,5	3	9,5	7	11,5	3	2,4	9	14,5					4	0	1	0	4	2	13	1	0	0	0	0	0	0	10	0	0	0
55bb645d-640f-43c3-91a2-b5ae1be342ed_game_5.replay26	25	15	308	A	core_destroyed	221	654	6460	3270	11/12	2/11	11/12	2/11	11/12	11/11	646	327			82	9,11	6	13,6					8	7,11					6	16,6	7	16,11	4	16,5	9	16,12					5	2	1	0	12	11	56	18	0	0	0	0	0	1	24	0	0	0
9a49a420-304c-474e-98c1-dd98fc6c4184_game_1.replay26	20	26	201	A	core_destroyed	139	39	2670	3080	7/10	9/9	7/10	9/9	10/10	9/9	267	308	12	11,16			144	13,9	9	11,15	10	6,9			11	11,18			9	10,11	3	10,14	11	10,10	4	9,14					3	5	1	0	10	9	55	48	0	0	0	0	3	0	1	13	1	0
9a49a420-304c-474e-98c1-dd98fc6c4184_game_2.replay26	28	20	112	A	core_destroyed	62	107	1290	990	8/13	4/4	6/13	4/4	12/13	4/4	129	99	56	18,7					9	15,9	7	11,10			23	19,8			6	6,6	3	16,8	8	7,6	3	19,12					4	5	1	0	13	4	37	16	0	0	2	0	1	0	0	4	1	0
9a49a420-304c-474e-98c1-dd98fc6c4184_game_3.replay26	28	20	653	B	core_destroyed	105	1063	10	2620	2/10	0/0	0/10	0/0	9/10	0/0	1	262	15	17,8			346	12,8	9	14,9	12	2,10			10	18,9			11	12,14			13	12,13	6	15,13					0	8	0	1	10	0	45	21	0	0	0	0	0	0	0	5	1	0
9a49a420-304c-474e-98c1-dd98fc6c4184_game_4.replay26	21	8	196	A	core_destroyed	52	15	920	80	2/4	0/3	2/4	0/3	4/4	3/3	92	8	21	9,2					14	12,3	7	8,2			12	14,5			6	1,4	5	11,5	8	3,2	5	10,2					2	1	1	0	4	3	34	4	0	0	2	0	2	0	0	2	2	0
9a49a420-304c-474e-98c1-dd98fc6c4184_game_5.replay26	25	15	149	A	core_destroyed	76	5	1100	0	8/9	0/0	4/9	0/0	8/9	0/0	110	0	6	11,6					2	12,8	7	10,5			60	11,9			6	16,6			8	16,5	10	7,9					3	3	1	0	9	0	44	4	0	0	7	0	3	0	0	3	1	0
d626d6f1-4844-4990-b771-cad45b9e6239_game_1.replay26	24	24	1000	B	titanium_collected	1500	7389	1430	10840	2/13	8/14	1/13	8/14	11/13	9/14	143	1084							34	13,17	9	1,1			40	18,20			8	0,2	10	23,21	10	9,2	8	13,20					1	3	1	1	13	14	43	39	0	0	0	0	0	0	0	16	1	0
d626d6f1-4844-4990-b771-cad45b9e6239_game_2.replay26	18	18	414	B	core_destroyed	1039	556	1590	4860	1/4	4/4	1/4	4/4	4/4	4/4	159	486	59	14,6			90	8,14	20	13,9	5	1,16			63	15,4			3	1,17	2	12,1	6	3,16	4	12,2					0	8	0	1	4	4	6	16	0	0	0	0	0	0	0	17	0	0
d626d6f1-4844-4990-b771-cad45b9e6239_game_3.replay26	16	16	176	A	core_destroyed	194	15	2080	800	8/8	1/2	8/8	1/2	8/8	2/2	208	80	59	5,7					10	10,8	7	2,5			20	12,10			6	1,6	4	11,7	8	4,5	3	8,11					5	2	1	0	8	2	51	10	0	0	3	0	4	0	0	4	1	0
d626d6f1-4844-4990-b771-cad45b9e6239_game_4.replay26	25	25	341	A	core_destroyed	151	256	6610	3140	16/18	9/9	15/18	7/9	18/18	9/9	661	314	60	21,20			110	5,8	21	14,16	9	8,7			27	18,17			8	1,7	5	14,18	10	2,7	3	15,18					5	4	1	0	18	9	133	50	0	0	2	0	9	0	3	9	1	0
d626d6f1-4844-4990-b771-cad45b9e6239_game_5.replay26	25	25	551	A	core_destroyed	75	2534	1610	6250	1/5	5/5	1/5	5/5	5/5	5/5	161	625	495	18,8			128	3,18	33	17,6	5	1,22			37	20,3			3	1,17	4	23,7	5	1,18	2	23,6					0	5	1	0	5	5	68	35	0	0	0	0	1	0	2	15	1	0
4fcbdfc7-23c6-4c54-b8dc-aae1e8fd3679_game_1.replay26	24	24	1000	A	titanium_collected	11006	61	18490	6790	16/18	2/13	10/18	1/13	17/18	13/13	1849	679			220	17,22	42	7,7	561	18,11			16	17,17					6	0,2	10	23,21	4	1,2	12	22,21					5	8	1	1	18	13	64	67	0	0	0	0	0	6	13	0	0	0
4fcbdfc7-23c6-4c54-b8dc-aae1e8fd3679_game_2.replay26	18	18	1000	A	titanium_collected	1022	54	12150	4670	5/5	1/3	5/5	1/3	5/5	3/3	1215	467			15	3,9	25	3,11	52	12,4			15	17,3					2	1,17	3	16,0	4	1,16	7	15,0					2	7	1	1	5	3	17	28	0	0	0	0	0	0	24	1	0	0
4fcbdfc7-23c6-4c54-b8dc-aae1e8fd3679_game_3.replay26	16	16	1000	A	titanium_collected	2722	644	14190	6520	5/5	1/6	5/5	1/6	5/5	6/6	1419	652			6	8,8	10	6,6	23	7,7			56	9,7					4	1,6	6	14,9	2	2,6	8	13,9					6	6	1	1	5	6	15	30	0	0	0	0	0	0	16	0	0	0
4fcbdfc7-23c6-4c54-b8dc-aae1e8fd3679_game_4.replay26	25	25	1000	A	titanium_collected	7754	36	17020	3950	12/14	3/8	12/14	1/8	14/14	8/8	1702	395			21	10,10	47	16,12	68	5,9			12	19,16					5	9,9	7	15,15	3	9,8	9	15,20					7	3	1	1	14	8	69	62	0	0	0	0	0	0	14	0	0	0
4fcbdfc7-23c6-4c54-b8dc-aae1e8fd3679_game_5.replay26	25	25	281	A	core_destroyed	407	9	2990	410	5/5	0/2	5/5	0/2	5/5	2/2	299	41			42	7,16	49	6,16					21	20,2			13	20,4	4	1,17	4	23,7	2	1,18	6	23,6					4	2	1	0	5	2	24	6	0	0	0	1	0	0	11	0	0	0
a887bb00-5989-4193-9d77-9f881d457877_game_1.replay26	20	26	302	B	core_destroyed	129	70	4600	2580	7/7	4/8	7/7	4/8	7/7	8/8	460	258			52	6,18	12	11,9					8	11,14			11	11,7	3	10,11	7	14,18	3	9,3	9	8,16					8	2	0	1	7	8	46	31	0	0	0	0	0	6	11	0	0	0
a887bb00-5989-4193-9d77-9f881d457877_game_2.replay26	28	20	109	B	core_destroyed	83	164	1210	1590	6/6	10/11	6/6	10/11	6/6	10/11	121	159			45	5,8	14	11,7					6	18,7			17	8,11	4	11,12	5	16,8	2	6,7	7	20,11					5	3	0	1	6	11	19	40	0	0	0	2	0	1	7	0	0	1
a887bb00-5989-4193-9d77-9f881d457877_game_3.replay26	28	20	196	B	core_destroyed	64	44	900	1710	2/4	7/7	2/4	6/7	4/4	7/7	90	171			15	11,7	14	11,9					11	15,12			72	9,10	6	1,11	10	26,11	8	2,11	12	25,11					6	6	0	1	4	7	50	47	0	0	0	3	0	6	0	0	0	1
a887bb00-5989-4193-9d77-9f881d457877_game_4.replay26	21	8	257	A	core_destroyed	134	212	3020	920	4/4	0/2	4/4	0/2	4/4	2/2	302	92			20	12,2	12	8,3					7	12,4			15	7,3	3	9,5	6	11,5	3	2,4	8	16,4					4	0	1	0	4	2	18	7	0	0	0	0	0	0	11	0	0	0
a887bb00-5989-4193-9d77-9f881d457877_game_5.replay26	25	15	256	B	core_destroyed	50	177	570	2280	1/1	11/13	1/1	6/13	1/1	12/13	57	228			7	10,7	7	12,6	77	11,7							6	12,5	6	16,6	11	16,11	4	16,5	13	16,12					6	5	0	1	1	13	10	70	0	0	0	4	0	3	1	3	0	0
6db6a201-bb90-4e32-ae73-3c94bd5bae88_game_1.replay26	20	26	139	B	core_destroyed	25	119	780	1350	2/2	6/7	2/2	5/7	2/2	7/7	78	135			95	11,5	12	7,4	57	9,16			5	12,20			12	8,7	3	10,11	4	14,18	3	9,3	6	13,18					5	6	0	1	2	7	13	34	0	0	0	3	0	1	6	2	0	1
6db6a201-bb90-4e32-ae73-3c94bd5bae88_game_2.replay26	28	20	413	B	core_destroyed	122	447	6250	6450	10/12	10/12	7/12	7/12	11/12	11/12	625	645			57	15,6	9	9,10	64	18,7			6	18,12			11	8,11	4	11,12	5	19,13	2	6,7	7	19,12					5	0	0	1	12	12	65	39	0	0	0	0	0	8	11	1	0	3
6db6a201-bb90-4e32-ae73-3c94bd5bae88_game_3.replay26	28	20	491	B	core_destroyed	256	12	3490	610	3/7	0/6	3/7	0/6	4/7	6/6	349	61			107	10,12	14	12,7					12	21,11			40	8,8	6	1,11	11	26,11	8	2,11	13	18,8					7	0	0	1	7	6	48	36	0	0	0	2	0	1	4	0	0	1
6db6a201-bb90-4e32-ae73-3c94bd5bae88_game_4.replay26	21	8	226	A	core_destroyed	35	110	2120	680	2/3	0/3	2/3	0/3	3/3	3/3	212	68			32	17,1	8	9,3	49	10,2			5	14,6			16	6,5	3	9,5	4	11,5	3	2,4	6	12,5					4	3	1	0	3	3	11	10	0	0	0	0	0	1	11	0	0	0
6db6a201-bb90-4e32-ae73-3c94bd5bae88_game_5.replay26	25	15	290	B	core_destroyed	5	30	740	1480	1/2	4/11	1/2	3/11	2/2	10/11	74	148			7	8,9	7	12,6					9	7,9			6	12,5	6	16,6	8	16,8	4	16,5	10	15,13					2	3	0	1	2	11	16	46	0	0	0	7	0	2	3	0	0	1
36b09df5-d7b2-436f-8c46-6f5f91ff01f0_game_1.replay26	25	25	385	A	core_destroyed	51	643	3880	3770	5/6	5/5	3/6	5/5	6/6	5/5	388	377	85	20,6					34	18,6	7	2,18			38	21,5			6	1,17	4	23,7	8	1,18	2	23,6					3	6	1	0	6	5	120	31	0	0	2	0	4	0	0	13	5	0
36b09df5-d7b2-436f-8c46-6f5f91ff01f0_game_2.replay26	26	26	166	A	core_destroyed	112	93	1640	2110	3/5	8/8	3/5	8/8	5/5	8/8	164	211	41	21,17					27	19,17	6	4,4			26	20,18			5	1,6	4	18,14	7	2,6	3	16,19					6	5	1	0	5	8	40	22	0	0	0	0	1	0	0	12	1	0
36b09df5-d7b2-436f-8c46-6f5f91ff01f0_game_3.replay26	25	25	102	A	core_destroyed	109	17	1200	640	9/10	6/6	8/10	4/6	10/10	6/6	120	64	38	18,13					22	16,16	8	1,5			25	17,19			7	1,7	5	14,18	9	2,7	3	15,18					4	6	1	0	10	6	49	35	0	0	7	0	1	0	0	4	1	0
36b09df5-d7b2-436f-8c46-6f5f91ff01f0_game_4.replay26	20	26	414	A	core_destroyed	860	2944	2950	6520	3/9	4/6	3/9	4/6	9/9	5/6	295	652	20	8,17			65	8,9	9	7,15	9	10,1			17	8,18			8	9,2	3	10,14	10	9,3	4	9,14					0	6	1	0	9	6	44	28	0	0	0	0	2	0	1	15	1	0
36b09df5-d7b2-436f-8c46-6f5f91ff01f0_game_5.replay26	18	18	372	B	core_destroyed	397	1248	1880	4400	2/3	5/5	2/3	5/5	3/3	5/5	188	440	56	11,3					25	13,3	5	0,16			26	15,4			4	5,16	2	12,1	6	1,14	4	12,2					8	4	0	1	3	5	33	19	0	0	2	0	0	0	0	9	1	0
