2026-08-14T09:33:36Z	C1-team-lazy	ACCEPT	Update available: 2.3.6 -> 2.3.7. Run: pip install --upgrade fcode {"matchId": "13d6c084-1dd5-4443-a3f4-be202c18eaae"} 
2026-08-14T09:35:36Z	C2-Juusto	ACCEPT	Update available: 2.3.6 -> 2.3.7. Run: pip install --upgrade fcode {"matchId": "5c25ecc7-4464-4b94-b548-3295881ce132"} 
2026-08-14T09:39:54Z	C3-Leviathan	ACCEPT	Update available: 2.3.6 -> 2.3.7. Run: pip install --upgrade fcode {"matchId": "f255cc85-31de-459f-b978-a2effa464980"} 
2026-08-14T09:44:25Z	C4-HTTP418	ACCEPT	Update available: 2.3.6 -> 2.3.7. Run: pip install --upgrade fcode {"matchId": "0237942d-9da4-4f82-8ef3-c4efb8ccee80"} 
2026-08-14T09:48:45Z	C5-0033	ACCEPT	Update available: 2.3.6 -> 2.3.7. Run: pip install --upgrade fcode {"matchId": "4bb27dc4-5339-47aa-839a-c3962267154d"} 
2026-08-14T09:52:58Z	C6-farming200s	RATELIMIT	Update available: 2.3.6 -> 2.3.8. Run: pip install --upgrade fcode Error: Rate limit exceeded: max 5 test/unrated matches per 20 minutes 
2026-08-14T09:58:06Z	C6-farming200s	ACCEPT	Update available: 2.3.6 -> 2.3.8. Run: pip install --upgrade fcode {"matchId": "05719851-91cf-41e6-ac53-47d1ce392d50"} 
2026-08-14T10:02:49Z	C1-team-lazy	ACCEPT	Update available: 2.3.6 -> 2.3.8. Run: pip install --upgrade fcode {"matchId": "fa403a79-aa6f-4b74-9823-d6157267b1ce"} 
2026-08-14T10:07:02Z	C2-Juusto	ACCEPT	Update available: 2.3.6 -> 2.3.8. Run: pip install --upgrade fcode {"matchId": "584feebc-523e-4f73-a5c3-ecc7e13a3429"} 
2026-08-14T10:11:16Z	C3-Leviathan	ACCEPT	Update available: 2.3.6 -> 2.3.8. Run: pip install --upgrade fcode {"matchId": "61c7b0b6-42bc-4e4b-bc99-36b2a5fe04e7"} 
2026-08-14T10:15:29Z	C4-HTTP418	ACCEPT	Update available: 2.3.6 -> 2.3.8. Run: pip install --upgrade fcode {"matchId": "83b90d88-207b-46ca-8b09-3d8fac147d28"} 
2026-08-14T10:19:42Z	C5-0033	ACCEPT	Update available: 2.3.6 -> 2.3.8. Run: pip install --upgrade fcode {"matchId": "95fa07cd-2386-4414-9be6-f472b3ce2baf"} 
2026-08-14T10:24:24Z	C6-farming200s	ACCEPT	Update available: 2.3.6 -> 2.3.8. Run: pip install --upgrade fcode {"matchId": "7cce8e63-ce89-4c54-bb54-8d5ad9993bac"} 
2026-08-14T10:28:37Z	C1-team-lazy	ACCEPT	Update available: 2.3.6 -> 2.3.8. Run: pip install --upgrade fcode {"matchId": "0fc07d26-8063-4f41-964f-04b89b228b06"} 
2026-08-14T10:32:49Z	C2-Juusto	ACCEPT	Update available: 2.3.6 -> 2.3.8. Run: pip install --upgrade fcode {"matchId": "27cac6ce-7bd5-45a5-aed3-518c97b1c165"} 
2026-08-14T10:37:01Z	C3-Leviathan	ACCEPT	Update available: 2.3.6 -> 2.3.8. Run: pip install --upgrade fcode {"matchId": "34eb8565-0760-49b5-89b6-dd969120fef2"} 
2026-08-14T10:41:13Z	C4-HTTP418	ACCEPT	Update available: 2.3.6 -> 2.3.8. Run: pip install --upgrade fcode {"matchId": "2921eb62-f571-4e0a-af72-47cbe4fc12c9"} 
2026-08-14T10:45:54Z	C5-0033	ACCEPT	Update available: 2.3.6 -> 2.3.8. Run: pip install --upgrade fcode {"matchId": "6ab5d7a0-d073-4ed1-a732-467f6f7485c3"} 
2026-08-14T10:50:05Z	C6-farming200s	ACCEPT	Update available: 2.3.6 -> 2.3.8. Run: pip install --upgrade fcode {"matchId": "1f5648fd-ea9c-47a6-be55-44f6a2ca401f"} 
2026-08-14T10:54:17Z	C1-team-lazy	ACCEPT	Update available: 2.3.6 -> 2.3.8. Run: pip install --upgrade fcode {"matchId": "384052ae-34ce-4373-bcbf-4ff8cfaf65d7"} 
2026-08-14T10:58:28Z	C2-Juusto	ACCEPT	Update available: 2.3.6 -> 2.3.8. Run: pip install --upgrade fcode {"matchId": "0f91b00d-0e6a-493f-877a-637fc2415950"} 
2026-08-14T11:02:40Z	C3-Leviathan	ACCEPT	Update available: 2.3.6 -> 2.3.8. Run: pip install --upgrade fcode {"matchId": "7150b83b-e348-4f18-8122-a5ad0810d232"} 
2026-08-14T11:07:21Z	C4-HTTP418	ACCEPT	Update available: 2.3.6 -> 2.3.8. Run: pip install --upgrade fcode {"matchId": "eb714796-7525-4cc7-a051-5c65f8729cd7"} 
2026-08-14T11:11:33Z	C5-0033	ACCEPT	Update available: 2.3.6 -> 2.3.8. Run: pip install --upgrade fcode {"matchId": "4fee4d6f-57fb-4379-ab33-b0b9cbd3b9d8"} 
2026-08-14T11:15:44Z	C6-farming200s	ACCEPT	Update available: 2.3.6 -> 2.3.8. Run: pip install --upgrade fcode {"matchId": "0ba82e3f-4884-451b-9d56-2d1af146fabf"} 
2026-08-14T11:19:56Z	C1-team-lazy	ACCEPT	Update available: 2.3.6 -> 2.3.8. Run: pip install --upgrade fcode {"matchId": "18b1c0d8-2523-4a1c-a8ff-b5e9164686d7"} 
2026-08-14T11:24:08Z	C2-Juusto	ACCEPT	Update available: 2.3.6 -> 2.3.8. Run: pip install --upgrade fcode {"matchId": "34416be4-6950-47f7-8bcf-97b3aa61480f"} 
2026-08-14T11:28:49Z	C3-Leviathan	ACCEPT	Update available: 2.3.6 -> 2.3.8. Run: pip install --upgrade fcode {"matchId": "77ce1f03-087b-4073-86b3-ec0951a32f71"} 
2026-08-14T11:33:00Z	C4-HTTP418	ACCEPT	Update available: 2.3.6 -> 2.3.8. Run: pip install --upgrade fcode {"matchId": "5d0ecec1-6957-4b91-b694-430b38d9d815"} 
2026-08-14T11:37:11Z	C5-0033	ACCEPT	Update available: 2.3.6 -> 2.3.8. Run: pip install --upgrade fcode {"matchId": "b41673ab-9171-4163-b8fe-8848136b6065"} 
2026-08-14T11:41:22Z	ABORT	holder	expected v139 saw "v140 (Loki v10)"
